project,commit_hash,file_name,rule,type,severity,tags
react-router,246edd178c145d14007c29d1e7078687bd21ffc3,examples/modal/src/images.ts,S1451,CODE_SMELL,BLOCKER,
react-router,246edd178c145d14007c29d1e7078687bd21ffc3,examples/modal/src/images.ts,S1441,CODE_SMELL,MINOR,convention
react-router,246edd178c145d14007c29d1e7078687bd21ffc3,examples/modal/src/images.ts,S1441,CODE_SMELL,MINOR,convention
react-router,246edd178c145d14007c29d1e7078687bd21ffc3,examples/modal/src/images.ts,S1441,CODE_SMELL,MINOR,convention
react-router,246edd178c145d14007c29d1e7078687bd21ffc3,examples/custom-filter-link/src/snkrs.ts,S1451,CODE_SMELL,BLOCKER,
react-router,246edd178c145d14007c29d1e7078687bd21ffc3,examples/custom-filter-link/src/snkrs.ts,S3353,CODE_SMELL,CRITICAL,es2015
react-router,246edd178c145d14007c29d1e7078687bd21ffc3,examples/custom-filter-link/src/snkrs.ts,S1441,CODE_SMELL,MINOR,convention
react-router,246edd178c145d14007c29d1e7078687bd21ffc3,examples/custom-filter-link/src/snkrs.ts,S1441,CODE_SMELL,MINOR,convention
react-router,246edd178c145d14007c29d1e7078687bd21ffc3,examples/custom-filter-link/src/snkrs.ts,S1441,CODE_SMELL,MINOR,convention
react-router,246edd178c145d14007c29d1e7078687bd21ffc3,examples/custom-filter-link/src/snkrs.ts,S1441,CODE_SMELL,MINOR,convention
react-router,246edd178c145d14007c29d1e7078687bd21ffc3,examples/custom-filter-link/src/snkrs.ts,S1441,CODE_SMELL,MINOR,convention
react-router,246edd178c145d14007c29d1e7078687bd21ffc3,examples/custom-filter-link/src/snkrs.ts,S3723,CODE_SMELL,MINOR,convention
react-router,246edd178c145d14007c29d1e7078687bd21ffc3,examples/custom-filter-link/src/snkrs.ts,S1441,CODE_SMELL,MINOR,convention
react-router,246edd178c145d14007c29d1e7078687bd21ffc3,examples/custom-filter-link/src/snkrs.ts,S1441,CODE_SMELL,MINOR,convention
react-router,246edd178c145d14007c29d1e7078687bd21ffc3,examples/custom-filter-link/src/snkrs.ts,S1441,CODE_SMELL,MINOR,convention
react-router,246edd178c145d14007c29d1e7078687bd21ffc3,examples/custom-filter-link/src/snkrs.ts,S1441,CODE_SMELL,MINOR,convention
react-router,246edd178c145d14007c29d1e7078687bd21ffc3,examples/custom-filter-link/src/snkrs.ts,S1441,CODE_SMELL,MINOR,convention
react-router,246edd178c145d14007c29d1e7078687bd21ffc3,examples/custom-filter-link/src/snkrs.ts,S3723,CODE_SMELL,MINOR,convention
react-router,246edd178c145d14007c29d1e7078687bd21ffc3,examples/custom-filter-link/src/snkrs.ts,S1441,CODE_SMELL,MINOR,convention
react-router,246edd178c145d14007c29d1e7078687bd21ffc3,examples/custom-filter-link/src/snkrs.ts,S1441,CODE_SMELL,MINOR,convention
react-router,246edd178c145d14007c29d1e7078687bd21ffc3,examples/custom-filter-link/src/snkrs.ts,S1441,CODE_SMELL,MINOR,convention
react-router,246edd178c145d14007c29d1e7078687bd21ffc3,examples/custom-filter-link/src/snkrs.ts,S1441,CODE_SMELL,MINOR,convention
react-router,246edd178c145d14007c29d1e7078687bd21ffc3,examples/custom-filter-link/src/snkrs.ts,S1441,CODE_SMELL,MINOR,convention
react-router,246edd178c145d14007c29d1e7078687bd21ffc3,examples/custom-filter-link/src/snkrs.ts,S3723,CODE_SMELL,MINOR,convention
react-router,246edd178c145d14007c29d1e7078687bd21ffc3,examples/custom-filter-link/src/snkrs.ts,S1441,CODE_SMELL,MINOR,convention
react-router,246edd178c145d14007c29d1e7078687bd21ffc3,examples/custom-filter-link/src/snkrs.ts,S1441,CODE_SMELL,MINOR,convention
react-router,246edd178c145d14007c29d1e7078687bd21ffc3,examples/custom-filter-link/src/snkrs.ts,S1441,CODE_SMELL,MINOR,convention
react-router,246edd178c145d14007c29d1e7078687bd21ffc3,examples/custom-filter-link/src/snkrs.ts,S1441,CODE_SMELL,MINOR,convention
react-router,246edd178c145d14007c29d1e7078687bd21ffc3,examples/custom-filter-link/src/snkrs.ts,S1441,CODE_SMELL,MINOR,convention
react-router,246edd178c145d14007c29d1e7078687bd21ffc3,examples/custom-filter-link/src/snkrs.ts,S3723,CODE_SMELL,MINOR,convention
react-router,246edd178c145d14007c29d1e7078687bd21ffc3,examples/custom-filter-link/src/snkrs.ts,S1441,CODE_SMELL,MINOR,convention
react-router,246edd178c145d14007c29d1e7078687bd21ffc3,examples/custom-filter-link/src/snkrs.ts,S1441,CODE_SMELL,MINOR,convention
react-router,246edd178c145d14007c29d1e7078687bd21ffc3,examples/custom-filter-link/src/snkrs.ts,S1441,CODE_SMELL,MINOR,convention
react-router,246edd178c145d14007c29d1e7078687bd21ffc3,examples/custom-filter-link/src/snkrs.ts,S1441,CODE_SMELL,MINOR,convention
react-router,246edd178c145d14007c29d1e7078687bd21ffc3,examples/custom-filter-link/src/snkrs.ts,S1441,CODE_SMELL,MINOR,convention
react-router,246edd178c145d14007c29d1e7078687bd21ffc3,examples/custom-filter-link/src/snkrs.ts,S3723,CODE_SMELL,MINOR,convention
react-router,246edd178c145d14007c29d1e7078687bd21ffc3,examples/custom-filter-link/src/snkrs.ts,S1441,CODE_SMELL,MINOR,convention
react-router,246edd178c145d14007c29d1e7078687bd21ffc3,examples/custom-filter-link/src/snkrs.ts,S1441,CODE_SMELL,MINOR,convention
react-router,246edd178c145d14007c29d1e7078687bd21ffc3,examples/custom-filter-link/src/snkrs.ts,S1441,CODE_SMELL,MINOR,convention
react-router,246edd178c145d14007c29d1e7078687bd21ffc3,examples/custom-filter-link/src/snkrs.ts,S1441,CODE_SMELL,MINOR,convention
react-router,246edd178c145d14007c29d1e7078687bd21ffc3,examples/custom-filter-link/src/snkrs.ts,S1441,CODE_SMELL,MINOR,convention
react-router,246edd178c145d14007c29d1e7078687bd21ffc3,examples/custom-filter-link/src/snkrs.ts,S3723,CODE_SMELL,MINOR,convention
react-router,246edd178c145d14007c29d1e7078687bd21ffc3,examples/custom-filter-link/src/snkrs.ts,S1441,CODE_SMELL,MINOR,convention
react-router,246edd178c145d14007c29d1e7078687bd21ffc3,examples/custom-filter-link/src/snkrs.ts,S1441,CODE_SMELL,MINOR,convention
react-router,246edd178c145d14007c29d1e7078687bd21ffc3,examples/custom-filter-link/src/snkrs.ts,S1441,CODE_SMELL,MINOR,convention
react-router,246edd178c145d14007c29d1e7078687bd21ffc3,examples/custom-filter-link/src/snkrs.ts,S1441,CODE_SMELL,MINOR,convention
react-router,246edd178c145d14007c29d1e7078687bd21ffc3,examples/custom-filter-link/src/snkrs.ts,S1441,CODE_SMELL,MINOR,convention
react-router,246edd178c145d14007c29d1e7078687bd21ffc3,examples/custom-filter-link/src/snkrs.ts,S3723,CODE_SMELL,MINOR,convention
react-router,246edd178c145d14007c29d1e7078687bd21ffc3,examples/custom-filter-link/src/snkrs.ts,S3723,CODE_SMELL,MINOR,convention
react-router,246edd178c145d14007c29d1e7078687bd21ffc3,examples/custom-filter-link/src/snkrs.ts,S3723,CODE_SMELL,MINOR,convention
react-router,246edd178c145d14007c29d1e7078687bd21ffc3,examples/custom-filter-link/src/snkrs.ts,S3353,CODE_SMELL,CRITICAL,es2015
react-router,246edd178c145d14007c29d1e7078687bd21ffc3,examples/modal/src/images.ts,S3353,CODE_SMELL,CRITICAL,es2015
react-router,246edd178c145d14007c29d1e7078687bd21ffc3,examples/modal/src/images.ts,S103,CODE_SMELL,MAJOR,convention
react-router,246edd178c145d14007c29d1e7078687bd21ffc3,examples/modal/src/images.ts,S1441,CODE_SMELL,MINOR,convention
react-router,246edd178c145d14007c29d1e7078687bd21ffc3,examples/modal/src/images.ts,S3723,CODE_SMELL,MINOR,convention
react-router,246edd178c145d14007c29d1e7078687bd21ffc3,examples/modal/src/images.ts,S103,CODE_SMELL,MAJOR,convention
react-router,246edd178c145d14007c29d1e7078687bd21ffc3,examples/modal/src/images.ts,S1441,CODE_SMELL,MINOR,convention
react-router,246edd178c145d14007c29d1e7078687bd21ffc3,examples/modal/src/images.ts,S3723,CODE_SMELL,MINOR,convention
react-router,246edd178c145d14007c29d1e7078687bd21ffc3,examples/modal/src/images.ts,S103,CODE_SMELL,MAJOR,convention
react-router,246edd178c145d14007c29d1e7078687bd21ffc3,examples/modal/src/images.ts,S1441,CODE_SMELL,MINOR,convention
react-router,246edd178c145d14007c29d1e7078687bd21ffc3,examples/modal/src/images.ts,S3723,CODE_SMELL,MINOR,convention
react-router,246edd178c145d14007c29d1e7078687bd21ffc3,examples/modal/src/images.ts,S1441,CODE_SMELL,MINOR,convention
react-router,246edd178c145d14007c29d1e7078687bd21ffc3,examples/modal/src/images.ts,S1441,CODE_SMELL,MINOR,convention
react-router,246edd178c145d14007c29d1e7078687bd21ffc3,examples/modal/src/images.ts,S103,CODE_SMELL,MAJOR,convention
react-router,246edd178c145d14007c29d1e7078687bd21ffc3,examples/modal/src/images.ts,S3723,CODE_SMELL,MINOR,convention
react-router,246edd178c145d14007c29d1e7078687bd21ffc3,examples/modal/src/images.ts,S3723,CODE_SMELL,MINOR,convention
react-router,246edd178c145d14007c29d1e7078687bd21ffc3,examples/auth/src/auth.ts,S1451,CODE_SMELL,BLOCKER,
react-router,246edd178c145d14007c29d1e7078687bd21ffc3,examples/auth/src/auth.ts,S139,CODE_SMELL,MINOR,convention
react-router,246edd178c145d14007c29d1e7078687bd21ffc3,examples/auth/src/auth.ts,S109,CODE_SMELL,MAJOR,brain-overload
react-router,246edd178c145d14007c29d1e7078687bd21ffc3,examples/auth/src/auth.ts,S109,CODE_SMELL,MAJOR,brain-overload
react-router,246edd178c145d14007c29d1e7078687bd21ffc3,examples/auth/src/auth.ts,S3723,CODE_SMELL,MINOR,convention
react-router,9cc42139acd0317a5bfc8ad7aa2dd8e6d573505a,examples/modal/src/images.ts,S1451,CODE_SMELL,BLOCKER,
react-router,9cc42139acd0317a5bfc8ad7aa2dd8e6d573505a,examples/modal/src/images.ts,S1441,CODE_SMELL,MINOR,convention
react-router,9cc42139acd0317a5bfc8ad7aa2dd8e6d573505a,examples/modal/src/images.ts,S1441,CODE_SMELL,MINOR,convention
react-router,9cc42139acd0317a5bfc8ad7aa2dd8e6d573505a,examples/modal/src/images.ts,S1441,CODE_SMELL,MINOR,convention
react-router,9cc42139acd0317a5bfc8ad7aa2dd8e6d573505a,examples/custom-filter-link/src/snkrs.ts,S1451,CODE_SMELL,BLOCKER,
react-router,9cc42139acd0317a5bfc8ad7aa2dd8e6d573505a,examples/custom-filter-link/src/snkrs.ts,S3353,CODE_SMELL,CRITICAL,es2015
react-router,9cc42139acd0317a5bfc8ad7aa2dd8e6d573505a,examples/custom-filter-link/src/snkrs.ts,S1441,CODE_SMELL,MINOR,convention
react-router,9cc42139acd0317a5bfc8ad7aa2dd8e6d573505a,examples/custom-filter-link/src/snkrs.ts,S1441,CODE_SMELL,MINOR,convention
react-router,9cc42139acd0317a5bfc8ad7aa2dd8e6d573505a,examples/custom-filter-link/src/snkrs.ts,S1441,CODE_SMELL,MINOR,convention
react-router,9cc42139acd0317a5bfc8ad7aa2dd8e6d573505a,examples/custom-filter-link/src/snkrs.ts,S1441,CODE_SMELL,MINOR,convention
react-router,9cc42139acd0317a5bfc8ad7aa2dd8e6d573505a,examples/custom-filter-link/src/snkrs.ts,S1441,CODE_SMELL,MINOR,convention
react-router,9cc42139acd0317a5bfc8ad7aa2dd8e6d573505a,examples/custom-filter-link/src/snkrs.ts,S3723,CODE_SMELL,MINOR,convention
react-router,9cc42139acd0317a5bfc8ad7aa2dd8e6d573505a,examples/custom-filter-link/src/snkrs.ts,S1441,CODE_SMELL,MINOR,convention
react-router,9cc42139acd0317a5bfc8ad7aa2dd8e6d573505a,examples/custom-filter-link/src/snkrs.ts,S1441,CODE_SMELL,MINOR,convention
react-router,9cc42139acd0317a5bfc8ad7aa2dd8e6d573505a,examples/custom-filter-link/src/snkrs.ts,S1441,CODE_SMELL,MINOR,convention
react-router,9cc42139acd0317a5bfc8ad7aa2dd8e6d573505a,examples/custom-filter-link/src/snkrs.ts,S1441,CODE_SMELL,MINOR,convention
react-router,9cc42139acd0317a5bfc8ad7aa2dd8e6d573505a,examples/custom-filter-link/src/snkrs.ts,S1441,CODE_SMELL,MINOR,convention
react-router,9cc42139acd0317a5bfc8ad7aa2dd8e6d573505a,examples/custom-filter-link/src/snkrs.ts,S3723,CODE_SMELL,MINOR,convention
react-router,9cc42139acd0317a5bfc8ad7aa2dd8e6d573505a,examples/custom-filter-link/src/snkrs.ts,S1441,CODE_SMELL,MINOR,convention
react-router,9cc42139acd0317a5bfc8ad7aa2dd8e6d573505a,examples/custom-filter-link/src/snkrs.ts,S1441,CODE_SMELL,MINOR,convention
react-router,9cc42139acd0317a5bfc8ad7aa2dd8e6d573505a,examples/custom-filter-link/src/snkrs.ts,S1441,CODE_SMELL,MINOR,convention
react-router,9cc42139acd0317a5bfc8ad7aa2dd8e6d573505a,examples/custom-filter-link/src/snkrs.ts,S1441,CODE_SMELL,MINOR,convention
react-router,9cc42139acd0317a5bfc8ad7aa2dd8e6d573505a,examples/custom-filter-link/src/snkrs.ts,S1441,CODE_SMELL,MINOR,convention
react-router,9cc42139acd0317a5bfc8ad7aa2dd8e6d573505a,examples/custom-filter-link/src/snkrs.ts,S3723,CODE_SMELL,MINOR,convention
react-router,9cc42139acd0317a5bfc8ad7aa2dd8e6d573505a,examples/custom-filter-link/src/snkrs.ts,S1441,CODE_SMELL,MINOR,convention
react-router,9cc42139acd0317a5bfc8ad7aa2dd8e6d573505a,examples/custom-filter-link/src/snkrs.ts,S1441,CODE_SMELL,MINOR,convention
react-router,9cc42139acd0317a5bfc8ad7aa2dd8e6d573505a,examples/custom-filter-link/src/snkrs.ts,S1441,CODE_SMELL,MINOR,convention
react-router,9cc42139acd0317a5bfc8ad7aa2dd8e6d573505a,examples/custom-filter-link/src/snkrs.ts,S1441,CODE_SMELL,MINOR,convention
react-router,9cc42139acd0317a5bfc8ad7aa2dd8e6d573505a,examples/custom-filter-link/src/snkrs.ts,S1441,CODE_SMELL,MINOR,convention
react-router,9cc42139acd0317a5bfc8ad7aa2dd8e6d573505a,examples/custom-filter-link/src/snkrs.ts,S3723,CODE_SMELL,MINOR,convention
react-router,9cc42139acd0317a5bfc8ad7aa2dd8e6d573505a,examples/custom-filter-link/src/snkrs.ts,S1441,CODE_SMELL,MINOR,convention
react-router,9cc42139acd0317a5bfc8ad7aa2dd8e6d573505a,examples/custom-filter-link/src/snkrs.ts,S1441,CODE_SMELL,MINOR,convention
react-router,9cc42139acd0317a5bfc8ad7aa2dd8e6d573505a,examples/custom-filter-link/src/snkrs.ts,S1441,CODE_SMELL,MINOR,convention
react-router,9cc42139acd0317a5bfc8ad7aa2dd8e6d573505a,examples/custom-filter-link/src/snkrs.ts,S1441,CODE_SMELL,MINOR,convention
react-router,9cc42139acd0317a5bfc8ad7aa2dd8e6d573505a,examples/custom-filter-link/src/snkrs.ts,S1441,CODE_SMELL,MINOR,convention
react-router,9cc42139acd0317a5bfc8ad7aa2dd8e6d573505a,examples/custom-filter-link/src/snkrs.ts,S3723,CODE_SMELL,MINOR,convention
react-router,9cc42139acd0317a5bfc8ad7aa2dd8e6d573505a,examples/custom-filter-link/src/snkrs.ts,S1441,CODE_SMELL,MINOR,convention
react-router,9cc42139acd0317a5bfc8ad7aa2dd8e6d573505a,examples/custom-filter-link/src/snkrs.ts,S1441,CODE_SMELL,MINOR,convention
react-router,9cc42139acd0317a5bfc8ad7aa2dd8e6d573505a,examples/custom-filter-link/src/snkrs.ts,S1441,CODE_SMELL,MINOR,convention
react-router,9cc42139acd0317a5bfc8ad7aa2dd8e6d573505a,examples/custom-filter-link/src/snkrs.ts,S1441,CODE_SMELL,MINOR,convention
react-router,9cc42139acd0317a5bfc8ad7aa2dd8e6d573505a,examples/custom-filter-link/src/snkrs.ts,S1441,CODE_SMELL,MINOR,convention
react-router,9cc42139acd0317a5bfc8ad7aa2dd8e6d573505a,examples/custom-filter-link/src/snkrs.ts,S3723,CODE_SMELL,MINOR,convention
react-router,9cc42139acd0317a5bfc8ad7aa2dd8e6d573505a,examples/custom-filter-link/src/snkrs.ts,S1441,CODE_SMELL,MINOR,convention
react-router,9cc42139acd0317a5bfc8ad7aa2dd8e6d573505a,examples/custom-filter-link/src/snkrs.ts,S1441,CODE_SMELL,MINOR,convention
react-router,9cc42139acd0317a5bfc8ad7aa2dd8e6d573505a,examples/custom-filter-link/src/snkrs.ts,S1441,CODE_SMELL,MINOR,convention
react-router,9cc42139acd0317a5bfc8ad7aa2dd8e6d573505a,examples/custom-filter-link/src/snkrs.ts,S1441,CODE_SMELL,MINOR,convention
react-router,9cc42139acd0317a5bfc8ad7aa2dd8e6d573505a,examples/custom-filter-link/src/snkrs.ts,S1441,CODE_SMELL,MINOR,convention
react-router,9cc42139acd0317a5bfc8ad7aa2dd8e6d573505a,examples/custom-filter-link/src/snkrs.ts,S3723,CODE_SMELL,MINOR,convention
react-router,9cc42139acd0317a5bfc8ad7aa2dd8e6d573505a,examples/custom-filter-link/src/snkrs.ts,S3723,CODE_SMELL,MINOR,convention
react-router,9cc42139acd0317a5bfc8ad7aa2dd8e6d573505a,examples/custom-filter-link/src/snkrs.ts,S3723,CODE_SMELL,MINOR,convention
react-router,9cc42139acd0317a5bfc8ad7aa2dd8e6d573505a,examples/custom-filter-link/src/snkrs.ts,S3353,CODE_SMELL,CRITICAL,es2015
react-router,9cc42139acd0317a5bfc8ad7aa2dd8e6d573505a,examples/modal/src/images.ts,S3353,CODE_SMELL,CRITICAL,es2015
react-router,9cc42139acd0317a5bfc8ad7aa2dd8e6d573505a,examples/modal/src/images.ts,S103,CODE_SMELL,MAJOR,convention
react-router,9cc42139acd0317a5bfc8ad7aa2dd8e6d573505a,examples/modal/src/images.ts,S1441,CODE_SMELL,MINOR,convention
react-router,9cc42139acd0317a5bfc8ad7aa2dd8e6d573505a,examples/modal/src/images.ts,S3723,CODE_SMELL,MINOR,convention
react-router,9cc42139acd0317a5bfc8ad7aa2dd8e6d573505a,examples/modal/src/images.ts,S103,CODE_SMELL,MAJOR,convention
react-router,9cc42139acd0317a5bfc8ad7aa2dd8e6d573505a,examples/modal/src/images.ts,S1441,CODE_SMELL,MINOR,convention
react-router,9cc42139acd0317a5bfc8ad7aa2dd8e6d573505a,examples/modal/src/images.ts,S3723,CODE_SMELL,MINOR,convention
react-router,9cc42139acd0317a5bfc8ad7aa2dd8e6d573505a,examples/modal/src/images.ts,S1441,CODE_SMELL,MINOR,convention
react-router,9cc42139acd0317a5bfc8ad7aa2dd8e6d573505a,examples/modal/src/images.ts,S103,CODE_SMELL,MAJOR,convention
react-router,9cc42139acd0317a5bfc8ad7aa2dd8e6d573505a,examples/modal/src/images.ts,S3723,CODE_SMELL,MINOR,convention
react-router,9cc42139acd0317a5bfc8ad7aa2dd8e6d573505a,examples/modal/src/images.ts,S1441,CODE_SMELL,MINOR,convention
react-router,9cc42139acd0317a5bfc8ad7aa2dd8e6d573505a,examples/modal/src/images.ts,S103,CODE_SMELL,MAJOR,convention
react-router,9cc42139acd0317a5bfc8ad7aa2dd8e6d573505a,examples/modal/src/images.ts,S1441,CODE_SMELL,MINOR,convention
react-router,9cc42139acd0317a5bfc8ad7aa2dd8e6d573505a,examples/modal/src/images.ts,S3723,CODE_SMELL,MINOR,convention
react-router,9cc42139acd0317a5bfc8ad7aa2dd8e6d573505a,examples/modal/src/images.ts,S3723,CODE_SMELL,MINOR,convention
react-router,9cc42139acd0317a5bfc8ad7aa2dd8e6d573505a,examples/auth/src/auth.ts,S1451,CODE_SMELL,BLOCKER,
react-router,9cc42139acd0317a5bfc8ad7aa2dd8e6d573505a,examples/auth/src/auth.ts,S109,CODE_SMELL,MAJOR,brain-overload
react-router,9cc42139acd0317a5bfc8ad7aa2dd8e6d573505a,examples/auth/src/auth.ts,S139,CODE_SMELL,MINOR,convention
react-router,9cc42139acd0317a5bfc8ad7aa2dd8e6d573505a,examples/auth/src/auth.ts,S109,CODE_SMELL,MAJOR,brain-overload
react-router,9cc42139acd0317a5bfc8ad7aa2dd8e6d573505a,examples/auth/src/auth.ts,S3723,CODE_SMELL,MINOR,convention
react-router,c68df0c2328bcbd889ca486e790ba2efa3ea9ae4,examples/modal/src/images.ts,S1451,CODE_SMELL,BLOCKER,
react-router,c68df0c2328bcbd889ca486e790ba2efa3ea9ae4,examples/modal/src/images.ts,S1441,CODE_SMELL,MINOR,convention
react-router,c68df0c2328bcbd889ca486e790ba2efa3ea9ae4,examples/modal/src/images.ts,S1441,CODE_SMELL,MINOR,convention
react-router,c68df0c2328bcbd889ca486e790ba2efa3ea9ae4,examples/modal/src/images.ts,S1441,CODE_SMELL,MINOR,convention
react-router,c68df0c2328bcbd889ca486e790ba2efa3ea9ae4,examples/custom-filter-link/src/snkrs.ts,S1451,CODE_SMELL,BLOCKER,
react-router,c68df0c2328bcbd889ca486e790ba2efa3ea9ae4,examples/custom-filter-link/src/snkrs.ts,S3353,CODE_SMELL,CRITICAL,es2015
react-router,c68df0c2328bcbd889ca486e790ba2efa3ea9ae4,examples/custom-filter-link/src/snkrs.ts,S1441,CODE_SMELL,MINOR,convention
react-router,c68df0c2328bcbd889ca486e790ba2efa3ea9ae4,examples/custom-filter-link/src/snkrs.ts,S1441,CODE_SMELL,MINOR,convention
react-router,c68df0c2328bcbd889ca486e790ba2efa3ea9ae4,examples/custom-filter-link/src/snkrs.ts,S1441,CODE_SMELL,MINOR,convention
react-router,c68df0c2328bcbd889ca486e790ba2efa3ea9ae4,examples/custom-filter-link/src/snkrs.ts,S1441,CODE_SMELL,MINOR,convention
react-router,c68df0c2328bcbd889ca486e790ba2efa3ea9ae4,examples/custom-filter-link/src/snkrs.ts,S1441,CODE_SMELL,MINOR,convention
react-router,c68df0c2328bcbd889ca486e790ba2efa3ea9ae4,examples/custom-filter-link/src/snkrs.ts,S3723,CODE_SMELL,MINOR,convention
react-router,c68df0c2328bcbd889ca486e790ba2efa3ea9ae4,examples/custom-filter-link/src/snkrs.ts,S1441,CODE_SMELL,MINOR,convention
react-router,c68df0c2328bcbd889ca486e790ba2efa3ea9ae4,examples/custom-filter-link/src/snkrs.ts,S1441,CODE_SMELL,MINOR,convention
react-router,c68df0c2328bcbd889ca486e790ba2efa3ea9ae4,examples/custom-filter-link/src/snkrs.ts,S1441,CODE_SMELL,MINOR,convention
react-router,c68df0c2328bcbd889ca486e790ba2efa3ea9ae4,examples/custom-filter-link/src/snkrs.ts,S1441,CODE_SMELL,MINOR,convention
react-router,c68df0c2328bcbd889ca486e790ba2efa3ea9ae4,examples/custom-filter-link/src/snkrs.ts,S1441,CODE_SMELL,MINOR,convention
react-router,c68df0c2328bcbd889ca486e790ba2efa3ea9ae4,examples/custom-filter-link/src/snkrs.ts,S3723,CODE_SMELL,MINOR,convention
react-router,c68df0c2328bcbd889ca486e790ba2efa3ea9ae4,examples/custom-filter-link/src/snkrs.ts,S1441,CODE_SMELL,MINOR,convention
react-router,c68df0c2328bcbd889ca486e790ba2efa3ea9ae4,examples/custom-filter-link/src/snkrs.ts,S1441,CODE_SMELL,MINOR,convention
react-router,c68df0c2328bcbd889ca486e790ba2efa3ea9ae4,examples/custom-filter-link/src/snkrs.ts,S1441,CODE_SMELL,MINOR,convention
react-router,c68df0c2328bcbd889ca486e790ba2efa3ea9ae4,examples/custom-filter-link/src/snkrs.ts,S1441,CODE_SMELL,MINOR,convention
react-router,c68df0c2328bcbd889ca486e790ba2efa3ea9ae4,examples/custom-filter-link/src/snkrs.ts,S1441,CODE_SMELL,MINOR,convention
react-router,c68df0c2328bcbd889ca486e790ba2efa3ea9ae4,examples/custom-filter-link/src/snkrs.ts,S3723,CODE_SMELL,MINOR,convention
react-router,c68df0c2328bcbd889ca486e790ba2efa3ea9ae4,examples/custom-filter-link/src/snkrs.ts,S1441,CODE_SMELL,MINOR,convention
react-router,c68df0c2328bcbd889ca486e790ba2efa3ea9ae4,examples/custom-filter-link/src/snkrs.ts,S1441,CODE_SMELL,MINOR,convention
react-router,c68df0c2328bcbd889ca486e790ba2efa3ea9ae4,examples/custom-filter-link/src/snkrs.ts,S1441,CODE_SMELL,MINOR,convention
react-router,c68df0c2328bcbd889ca486e790ba2efa3ea9ae4,examples/custom-filter-link/src/snkrs.ts,S1441,CODE_SMELL,MINOR,convention
react-router,c68df0c2328bcbd889ca486e790ba2efa3ea9ae4,examples/custom-filter-link/src/snkrs.ts,S1441,CODE_SMELL,MINOR,convention
react-router,c68df0c2328bcbd889ca486e790ba2efa3ea9ae4,examples/custom-filter-link/src/snkrs.ts,S3723,CODE_SMELL,MINOR,convention
react-router,c68df0c2328bcbd889ca486e790ba2efa3ea9ae4,examples/custom-filter-link/src/snkrs.ts,S1441,CODE_SMELL,MINOR,convention
react-router,c68df0c2328bcbd889ca486e790ba2efa3ea9ae4,examples/custom-filter-link/src/snkrs.ts,S1441,CODE_SMELL,MINOR,convention
react-router,c68df0c2328bcbd889ca486e790ba2efa3ea9ae4,examples/custom-filter-link/src/snkrs.ts,S1441,CODE_SMELL,MINOR,convention
react-router,c68df0c2328bcbd889ca486e790ba2efa3ea9ae4,examples/custom-filter-link/src/snkrs.ts,S1441,CODE_SMELL,MINOR,convention
react-router,c68df0c2328bcbd889ca486e790ba2efa3ea9ae4,examples/custom-filter-link/src/snkrs.ts,S1441,CODE_SMELL,MINOR,convention
react-router,c68df0c2328bcbd889ca486e790ba2efa3ea9ae4,examples/custom-filter-link/src/snkrs.ts,S3723,CODE_SMELL,MINOR,convention
react-router,c68df0c2328bcbd889ca486e790ba2efa3ea9ae4,examples/custom-filter-link/src/snkrs.ts,S1441,CODE_SMELL,MINOR,convention
react-router,c68df0c2328bcbd889ca486e790ba2efa3ea9ae4,examples/custom-filter-link/src/snkrs.ts,S1441,CODE_SMELL,MINOR,convention
react-router,c68df0c2328bcbd889ca486e790ba2efa3ea9ae4,examples/custom-filter-link/src/snkrs.ts,S1441,CODE_SMELL,MINOR,convention
react-router,c68df0c2328bcbd889ca486e790ba2efa3ea9ae4,examples/custom-filter-link/src/snkrs.ts,S1441,CODE_SMELL,MINOR,convention
react-router,c68df0c2328bcbd889ca486e790ba2efa3ea9ae4,examples/custom-filter-link/src/snkrs.ts,S1441,CODE_SMELL,MINOR,convention
react-router,c68df0c2328bcbd889ca486e790ba2efa3ea9ae4,examples/custom-filter-link/src/snkrs.ts,S3723,CODE_SMELL,MINOR,convention
react-router,c68df0c2328bcbd889ca486e790ba2efa3ea9ae4,examples/custom-filter-link/src/snkrs.ts,S1441,CODE_SMELL,MINOR,convention
react-router,c68df0c2328bcbd889ca486e790ba2efa3ea9ae4,examples/custom-filter-link/src/snkrs.ts,S1441,CODE_SMELL,MINOR,convention
react-router,c68df0c2328bcbd889ca486e790ba2efa3ea9ae4,examples/custom-filter-link/src/snkrs.ts,S1441,CODE_SMELL,MINOR,convention
react-router,c68df0c2328bcbd889ca486e790ba2efa3ea9ae4,examples/custom-filter-link/src/snkrs.ts,S1441,CODE_SMELL,MINOR,convention
react-router,c68df0c2328bcbd889ca486e790ba2efa3ea9ae4,examples/custom-filter-link/src/snkrs.ts,S1441,CODE_SMELL,MINOR,convention
react-router,c68df0c2328bcbd889ca486e790ba2efa3ea9ae4,examples/custom-filter-link/src/snkrs.ts,S3723,CODE_SMELL,MINOR,convention
react-router,c68df0c2328bcbd889ca486e790ba2efa3ea9ae4,examples/custom-filter-link/src/snkrs.ts,S3723,CODE_SMELL,MINOR,convention
react-router,c68df0c2328bcbd889ca486e790ba2efa3ea9ae4,examples/custom-filter-link/src/snkrs.ts,S3723,CODE_SMELL,MINOR,convention
react-router,c68df0c2328bcbd889ca486e790ba2efa3ea9ae4,examples/custom-filter-link/src/snkrs.ts,S3353,CODE_SMELL,CRITICAL,es2015
react-router,c68df0c2328bcbd889ca486e790ba2efa3ea9ae4,examples/modal/src/images.ts,S3353,CODE_SMELL,CRITICAL,es2015
react-router,c68df0c2328bcbd889ca486e790ba2efa3ea9ae4,examples/modal/src/images.ts,S103,CODE_SMELL,MAJOR,convention
react-router,c68df0c2328bcbd889ca486e790ba2efa3ea9ae4,examples/modal/src/images.ts,S1441,CODE_SMELL,MINOR,convention
react-router,c68df0c2328bcbd889ca486e790ba2efa3ea9ae4,examples/modal/src/images.ts,S3723,CODE_SMELL,MINOR,convention
react-router,c68df0c2328bcbd889ca486e790ba2efa3ea9ae4,examples/modal/src/images.ts,S103,CODE_SMELL,MAJOR,convention
react-router,c68df0c2328bcbd889ca486e790ba2efa3ea9ae4,examples/modal/src/images.ts,S1441,CODE_SMELL,MINOR,convention
react-router,c68df0c2328bcbd889ca486e790ba2efa3ea9ae4,examples/modal/src/images.ts,S3723,CODE_SMELL,MINOR,convention
react-router,c68df0c2328bcbd889ca486e790ba2efa3ea9ae4,examples/modal/src/images.ts,S103,CODE_SMELL,MAJOR,convention
react-router,c68df0c2328bcbd889ca486e790ba2efa3ea9ae4,examples/modal/src/images.ts,S1441,CODE_SMELL,MINOR,convention
react-router,c68df0c2328bcbd889ca486e790ba2efa3ea9ae4,examples/modal/src/images.ts,S3723,CODE_SMELL,MINOR,convention
react-router,c68df0c2328bcbd889ca486e790ba2efa3ea9ae4,examples/modal/src/images.ts,S1441,CODE_SMELL,MINOR,convention
react-router,c68df0c2328bcbd889ca486e790ba2efa3ea9ae4,examples/modal/src/images.ts,S103,CODE_SMELL,MAJOR,convention
react-router,c68df0c2328bcbd889ca486e790ba2efa3ea9ae4,examples/modal/src/images.ts,S1441,CODE_SMELL,MINOR,convention
react-router,c68df0c2328bcbd889ca486e790ba2efa3ea9ae4,examples/modal/src/images.ts,S3723,CODE_SMELL,MINOR,convention
react-router,c68df0c2328bcbd889ca486e790ba2efa3ea9ae4,examples/modal/src/images.ts,S3723,CODE_SMELL,MINOR,convention
react-router,c68df0c2328bcbd889ca486e790ba2efa3ea9ae4,examples/auth/src/auth.ts,S1451,CODE_SMELL,BLOCKER,
react-router,c68df0c2328bcbd889ca486e790ba2efa3ea9ae4,examples/auth/src/auth.ts,S109,CODE_SMELL,MAJOR,brain-overload
react-router,c68df0c2328bcbd889ca486e790ba2efa3ea9ae4,examples/auth/src/auth.ts,S139,CODE_SMELL,MINOR,convention
react-router,c68df0c2328bcbd889ca486e790ba2efa3ea9ae4,examples/auth/src/auth.ts,S109,CODE_SMELL,MAJOR,brain-overload
react-router,c68df0c2328bcbd889ca486e790ba2efa3ea9ae4,examples/auth/src/auth.ts,S3723,CODE_SMELL,MINOR,convention
react-router,cc433e017864592e58fb21bb7d51ee4a21aaf5f3,examples/modal/src/images.ts,S1451,CODE_SMELL,BLOCKER,
react-router,cc433e017864592e58fb21bb7d51ee4a21aaf5f3,examples/modal/src/images.ts,S1441,CODE_SMELL,MINOR,convention
react-router,cc433e017864592e58fb21bb7d51ee4a21aaf5f3,examples/modal/src/images.ts,S1441,CODE_SMELL,MINOR,convention
react-router,cc433e017864592e58fb21bb7d51ee4a21aaf5f3,examples/modal/src/images.ts,S1441,CODE_SMELL,MINOR,convention
react-router,cc433e017864592e58fb21bb7d51ee4a21aaf5f3,examples/custom-filter-link/src/snkrs.ts,S1451,CODE_SMELL,BLOCKER,
react-router,cc433e017864592e58fb21bb7d51ee4a21aaf5f3,examples/custom-filter-link/src/snkrs.ts,S3353,CODE_SMELL,CRITICAL,es2015
react-router,cc433e017864592e58fb21bb7d51ee4a21aaf5f3,examples/custom-filter-link/src/snkrs.ts,S1441,CODE_SMELL,MINOR,convention
react-router,cc433e017864592e58fb21bb7d51ee4a21aaf5f3,examples/custom-filter-link/src/snkrs.ts,S1441,CODE_SMELL,MINOR,convention
react-router,cc433e017864592e58fb21bb7d51ee4a21aaf5f3,examples/custom-filter-link/src/snkrs.ts,S1441,CODE_SMELL,MINOR,convention
react-router,cc433e017864592e58fb21bb7d51ee4a21aaf5f3,examples/custom-filter-link/src/snkrs.ts,S1441,CODE_SMELL,MINOR,convention
react-router,cc433e017864592e58fb21bb7d51ee4a21aaf5f3,examples/custom-filter-link/src/snkrs.ts,S1441,CODE_SMELL,MINOR,convention
react-router,cc433e017864592e58fb21bb7d51ee4a21aaf5f3,examples/custom-filter-link/src/snkrs.ts,S3723,CODE_SMELL,MINOR,convention
react-router,cc433e017864592e58fb21bb7d51ee4a21aaf5f3,examples/custom-filter-link/src/snkrs.ts,S1441,CODE_SMELL,MINOR,convention
react-router,cc433e017864592e58fb21bb7d51ee4a21aaf5f3,examples/custom-filter-link/src/snkrs.ts,S1441,CODE_SMELL,MINOR,convention
react-router,cc433e017864592e58fb21bb7d51ee4a21aaf5f3,examples/custom-filter-link/src/snkrs.ts,S1441,CODE_SMELL,MINOR,convention
react-router,cc433e017864592e58fb21bb7d51ee4a21aaf5f3,examples/custom-filter-link/src/snkrs.ts,S1441,CODE_SMELL,MINOR,convention
react-router,cc433e017864592e58fb21bb7d51ee4a21aaf5f3,examples/custom-filter-link/src/snkrs.ts,S1441,CODE_SMELL,MINOR,convention
react-router,cc433e017864592e58fb21bb7d51ee4a21aaf5f3,examples/custom-filter-link/src/snkrs.ts,S3723,CODE_SMELL,MINOR,convention
react-router,cc433e017864592e58fb21bb7d51ee4a21aaf5f3,examples/custom-filter-link/src/snkrs.ts,S1441,CODE_SMELL,MINOR,convention
react-router,cc433e017864592e58fb21bb7d51ee4a21aaf5f3,examples/custom-filter-link/src/snkrs.ts,S1441,CODE_SMELL,MINOR,convention
react-router,cc433e017864592e58fb21bb7d51ee4a21aaf5f3,examples/custom-filter-link/src/snkrs.ts,S1441,CODE_SMELL,MINOR,convention
react-router,cc433e017864592e58fb21bb7d51ee4a21aaf5f3,examples/custom-filter-link/src/snkrs.ts,S1441,CODE_SMELL,MINOR,convention
react-router,cc433e017864592e58fb21bb7d51ee4a21aaf5f3,examples/custom-filter-link/src/snkrs.ts,S1441,CODE_SMELL,MINOR,convention
react-router,cc433e017864592e58fb21bb7d51ee4a21aaf5f3,examples/custom-filter-link/src/snkrs.ts,S3723,CODE_SMELL,MINOR,convention
react-router,cc433e017864592e58fb21bb7d51ee4a21aaf5f3,examples/custom-filter-link/src/snkrs.ts,S1441,CODE_SMELL,MINOR,convention
react-router,cc433e017864592e58fb21bb7d51ee4a21aaf5f3,examples/custom-filter-link/src/snkrs.ts,S1441,CODE_SMELL,MINOR,convention
react-router,cc433e017864592e58fb21bb7d51ee4a21aaf5f3,examples/custom-filter-link/src/snkrs.ts,S1441,CODE_SMELL,MINOR,convention
react-router,cc433e017864592e58fb21bb7d51ee4a21aaf5f3,examples/custom-filter-link/src/snkrs.ts,S1441,CODE_SMELL,MINOR,convention
react-router,cc433e017864592e58fb21bb7d51ee4a21aaf5f3,examples/custom-filter-link/src/snkrs.ts,S1441,CODE_SMELL,MINOR,convention
react-router,cc433e017864592e58fb21bb7d51ee4a21aaf5f3,examples/custom-filter-link/src/snkrs.ts,S3723,CODE_SMELL,MINOR,convention
react-router,cc433e017864592e58fb21bb7d51ee4a21aaf5f3,examples/custom-filter-link/src/snkrs.ts,S1441,CODE_SMELL,MINOR,convention
react-router,cc433e017864592e58fb21bb7d51ee4a21aaf5f3,examples/custom-filter-link/src/snkrs.ts,S1441,CODE_SMELL,MINOR,convention
react-router,cc433e017864592e58fb21bb7d51ee4a21aaf5f3,examples/custom-filter-link/src/snkrs.ts,S1441,CODE_SMELL,MINOR,convention
react-router,cc433e017864592e58fb21bb7d51ee4a21aaf5f3,examples/custom-filter-link/src/snkrs.ts,S1441,CODE_SMELL,MINOR,convention
react-router,cc433e017864592e58fb21bb7d51ee4a21aaf5f3,examples/custom-filter-link/src/snkrs.ts,S1441,CODE_SMELL,MINOR,convention
react-router,cc433e017864592e58fb21bb7d51ee4a21aaf5f3,examples/custom-filter-link/src/snkrs.ts,S3723,CODE_SMELL,MINOR,convention
react-router,cc433e017864592e58fb21bb7d51ee4a21aaf5f3,examples/custom-filter-link/src/snkrs.ts,S1441,CODE_SMELL,MINOR,convention
react-router,cc433e017864592e58fb21bb7d51ee4a21aaf5f3,examples/custom-filter-link/src/snkrs.ts,S1441,CODE_SMELL,MINOR,convention
react-router,cc433e017864592e58fb21bb7d51ee4a21aaf5f3,examples/custom-filter-link/src/snkrs.ts,S1441,CODE_SMELL,MINOR,convention
react-router,cc433e017864592e58fb21bb7d51ee4a21aaf5f3,examples/custom-filter-link/src/snkrs.ts,S1441,CODE_SMELL,MINOR,convention
react-router,cc433e017864592e58fb21bb7d51ee4a21aaf5f3,examples/custom-filter-link/src/snkrs.ts,S1441,CODE_SMELL,MINOR,convention
react-router,cc433e017864592e58fb21bb7d51ee4a21aaf5f3,examples/custom-filter-link/src/snkrs.ts,S3723,CODE_SMELL,MINOR,convention
react-router,cc433e017864592e58fb21bb7d51ee4a21aaf5f3,examples/custom-filter-link/src/snkrs.ts,S1441,CODE_SMELL,MINOR,convention
react-router,cc433e017864592e58fb21bb7d51ee4a21aaf5f3,examples/custom-filter-link/src/snkrs.ts,S1441,CODE_SMELL,MINOR,convention
react-router,cc433e017864592e58fb21bb7d51ee4a21aaf5f3,examples/custom-filter-link/src/snkrs.ts,S1441,CODE_SMELL,MINOR,convention
react-router,cc433e017864592e58fb21bb7d51ee4a21aaf5f3,examples/custom-filter-link/src/snkrs.ts,S1441,CODE_SMELL,MINOR,convention
react-router,cc433e017864592e58fb21bb7d51ee4a21aaf5f3,examples/custom-filter-link/src/snkrs.ts,S1441,CODE_SMELL,MINOR,convention
react-router,cc433e017864592e58fb21bb7d51ee4a21aaf5f3,examples/custom-filter-link/src/snkrs.ts,S3723,CODE_SMELL,MINOR,convention
react-router,cc433e017864592e58fb21bb7d51ee4a21aaf5f3,examples/custom-filter-link/src/snkrs.ts,S3723,CODE_SMELL,MINOR,convention
react-router,cc433e017864592e58fb21bb7d51ee4a21aaf5f3,examples/custom-filter-link/src/snkrs.ts,S3723,CODE_SMELL,MINOR,convention
react-router,cc433e017864592e58fb21bb7d51ee4a21aaf5f3,examples/custom-filter-link/src/snkrs.ts,S3353,CODE_SMELL,CRITICAL,es2015
react-router,cc433e017864592e58fb21bb7d51ee4a21aaf5f3,examples/modal/src/images.ts,S3353,CODE_SMELL,CRITICAL,es2015
react-router,cc433e017864592e58fb21bb7d51ee4a21aaf5f3,examples/modal/src/images.ts,S103,CODE_SMELL,MAJOR,convention
react-router,cc433e017864592e58fb21bb7d51ee4a21aaf5f3,examples/modal/src/images.ts,S1441,CODE_SMELL,MINOR,convention
react-router,cc433e017864592e58fb21bb7d51ee4a21aaf5f3,examples/modal/src/images.ts,S3723,CODE_SMELL,MINOR,convention
react-router,cc433e017864592e58fb21bb7d51ee4a21aaf5f3,examples/modal/src/images.ts,S1441,CODE_SMELL,MINOR,convention
react-router,cc433e017864592e58fb21bb7d51ee4a21aaf5f3,examples/modal/src/images.ts,S103,CODE_SMELL,MAJOR,convention
react-router,cc433e017864592e58fb21bb7d51ee4a21aaf5f3,examples/modal/src/images.ts,S3723,CODE_SMELL,MINOR,convention
react-router,cc433e017864592e58fb21bb7d51ee4a21aaf5f3,examples/modal/src/images.ts,S103,CODE_SMELL,MAJOR,convention
react-router,cc433e017864592e58fb21bb7d51ee4a21aaf5f3,examples/modal/src/images.ts,S1441,CODE_SMELL,MINOR,convention
react-router,cc433e017864592e58fb21bb7d51ee4a21aaf5f3,examples/modal/src/images.ts,S3723,CODE_SMELL,MINOR,convention
react-router,cc433e017864592e58fb21bb7d51ee4a21aaf5f3,examples/modal/src/images.ts,S1441,CODE_SMELL,MINOR,convention
react-router,cc433e017864592e58fb21bb7d51ee4a21aaf5f3,examples/modal/src/images.ts,S103,CODE_SMELL,MAJOR,convention
react-router,cc433e017864592e58fb21bb7d51ee4a21aaf5f3,examples/modal/src/images.ts,S1441,CODE_SMELL,MINOR,convention
react-router,cc433e017864592e58fb21bb7d51ee4a21aaf5f3,examples/modal/src/images.ts,S3723,CODE_SMELL,MINOR,convention
react-router,cc433e017864592e58fb21bb7d51ee4a21aaf5f3,examples/modal/src/images.ts,S3723,CODE_SMELL,MINOR,convention
react-router,cc433e017864592e58fb21bb7d51ee4a21aaf5f3,examples/auth/src/auth.ts,S1451,CODE_SMELL,BLOCKER,
react-router,cc433e017864592e58fb21bb7d51ee4a21aaf5f3,examples/auth/src/auth.ts,S109,CODE_SMELL,MAJOR,brain-overload
react-router,cc433e017864592e58fb21bb7d51ee4a21aaf5f3,examples/auth/src/auth.ts,S139,CODE_SMELL,MINOR,convention
react-router,cc433e017864592e58fb21bb7d51ee4a21aaf5f3,examples/auth/src/auth.ts,S109,CODE_SMELL,MAJOR,brain-overload
react-router,cc433e017864592e58fb21bb7d51ee4a21aaf5f3,examples/auth/src/auth.ts,S3723,CODE_SMELL,MINOR,convention
react-router,d85c049b22670a691e2ce6d4d6009c2b6aef4933,examples/modal/src/images.ts,S1451,CODE_SMELL,BLOCKER,
react-router,d85c049b22670a691e2ce6d4d6009c2b6aef4933,examples/modal/src/images.ts,S1441,CODE_SMELL,MINOR,convention
react-router,d85c049b22670a691e2ce6d4d6009c2b6aef4933,examples/modal/src/images.ts,S1441,CODE_SMELL,MINOR,convention
react-router,d85c049b22670a691e2ce6d4d6009c2b6aef4933,examples/modal/src/images.ts,S1441,CODE_SMELL,MINOR,convention
react-router,d85c049b22670a691e2ce6d4d6009c2b6aef4933,examples/custom-filter-link/src/snkrs.ts,S1451,CODE_SMELL,BLOCKER,
react-router,d85c049b22670a691e2ce6d4d6009c2b6aef4933,examples/custom-filter-link/src/snkrs.ts,S3353,CODE_SMELL,CRITICAL,es2015
react-router,d85c049b22670a691e2ce6d4d6009c2b6aef4933,examples/custom-filter-link/src/snkrs.ts,S1441,CODE_SMELL,MINOR,convention
react-router,d85c049b22670a691e2ce6d4d6009c2b6aef4933,examples/custom-filter-link/src/snkrs.ts,S1441,CODE_SMELL,MINOR,convention
react-router,d85c049b22670a691e2ce6d4d6009c2b6aef4933,examples/custom-filter-link/src/snkrs.ts,S1441,CODE_SMELL,MINOR,convention
react-router,d85c049b22670a691e2ce6d4d6009c2b6aef4933,examples/custom-filter-link/src/snkrs.ts,S1441,CODE_SMELL,MINOR,convention
react-router,d85c049b22670a691e2ce6d4d6009c2b6aef4933,examples/custom-filter-link/src/snkrs.ts,S1441,CODE_SMELL,MINOR,convention
react-router,d85c049b22670a691e2ce6d4d6009c2b6aef4933,examples/custom-filter-link/src/snkrs.ts,S3723,CODE_SMELL,MINOR,convention
react-router,d85c049b22670a691e2ce6d4d6009c2b6aef4933,examples/custom-filter-link/src/snkrs.ts,S1441,CODE_SMELL,MINOR,convention
react-router,d85c049b22670a691e2ce6d4d6009c2b6aef4933,examples/custom-filter-link/src/snkrs.ts,S1441,CODE_SMELL,MINOR,convention
react-router,d85c049b22670a691e2ce6d4d6009c2b6aef4933,examples/custom-filter-link/src/snkrs.ts,S1441,CODE_SMELL,MINOR,convention
react-router,d85c049b22670a691e2ce6d4d6009c2b6aef4933,examples/custom-filter-link/src/snkrs.ts,S1441,CODE_SMELL,MINOR,convention
react-router,d85c049b22670a691e2ce6d4d6009c2b6aef4933,examples/custom-filter-link/src/snkrs.ts,S1441,CODE_SMELL,MINOR,convention
react-router,d85c049b22670a691e2ce6d4d6009c2b6aef4933,examples/custom-filter-link/src/snkrs.ts,S3723,CODE_SMELL,MINOR,convention
react-router,d85c049b22670a691e2ce6d4d6009c2b6aef4933,examples/custom-filter-link/src/snkrs.ts,S1441,CODE_SMELL,MINOR,convention
react-router,d85c049b22670a691e2ce6d4d6009c2b6aef4933,examples/custom-filter-link/src/snkrs.ts,S1441,CODE_SMELL,MINOR,convention
react-router,d85c049b22670a691e2ce6d4d6009c2b6aef4933,examples/custom-filter-link/src/snkrs.ts,S1441,CODE_SMELL,MINOR,convention
react-router,d85c049b22670a691e2ce6d4d6009c2b6aef4933,examples/custom-filter-link/src/snkrs.ts,S1441,CODE_SMELL,MINOR,convention
react-router,d85c049b22670a691e2ce6d4d6009c2b6aef4933,examples/custom-filter-link/src/snkrs.ts,S1441,CODE_SMELL,MINOR,convention
react-router,d85c049b22670a691e2ce6d4d6009c2b6aef4933,examples/custom-filter-link/src/snkrs.ts,S3723,CODE_SMELL,MINOR,convention
react-router,d85c049b22670a691e2ce6d4d6009c2b6aef4933,examples/custom-filter-link/src/snkrs.ts,S1441,CODE_SMELL,MINOR,convention
react-router,d85c049b22670a691e2ce6d4d6009c2b6aef4933,examples/custom-filter-link/src/snkrs.ts,S1441,CODE_SMELL,MINOR,convention
react-router,d85c049b22670a691e2ce6d4d6009c2b6aef4933,examples/custom-filter-link/src/snkrs.ts,S1441,CODE_SMELL,MINOR,convention
react-router,d85c049b22670a691e2ce6d4d6009c2b6aef4933,examples/custom-filter-link/src/snkrs.ts,S1441,CODE_SMELL,MINOR,convention
react-router,d85c049b22670a691e2ce6d4d6009c2b6aef4933,examples/custom-filter-link/src/snkrs.ts,S1441,CODE_SMELL,MINOR,convention
react-router,d85c049b22670a691e2ce6d4d6009c2b6aef4933,examples/custom-filter-link/src/snkrs.ts,S3723,CODE_SMELL,MINOR,convention
react-router,d85c049b22670a691e2ce6d4d6009c2b6aef4933,examples/custom-filter-link/src/snkrs.ts,S1441,CODE_SMELL,MINOR,convention
react-router,d85c049b22670a691e2ce6d4d6009c2b6aef4933,examples/custom-filter-link/src/snkrs.ts,S1441,CODE_SMELL,MINOR,convention
react-router,d85c049b22670a691e2ce6d4d6009c2b6aef4933,examples/custom-filter-link/src/snkrs.ts,S1441,CODE_SMELL,MINOR,convention
react-router,d85c049b22670a691e2ce6d4d6009c2b6aef4933,examples/custom-filter-link/src/snkrs.ts,S1441,CODE_SMELL,MINOR,convention
react-router,d85c049b22670a691e2ce6d4d6009c2b6aef4933,examples/custom-filter-link/src/snkrs.ts,S1441,CODE_SMELL,MINOR,convention
react-router,d85c049b22670a691e2ce6d4d6009c2b6aef4933,examples/custom-filter-link/src/snkrs.ts,S3723,CODE_SMELL,MINOR,convention
react-router,d85c049b22670a691e2ce6d4d6009c2b6aef4933,examples/custom-filter-link/src/snkrs.ts,S1441,CODE_SMELL,MINOR,convention
react-router,d85c049b22670a691e2ce6d4d6009c2b6aef4933,examples/custom-filter-link/src/snkrs.ts,S1441,CODE_SMELL,MINOR,convention
react-router,d85c049b22670a691e2ce6d4d6009c2b6aef4933,examples/custom-filter-link/src/snkrs.ts,S1441,CODE_SMELL,MINOR,convention
react-router,d85c049b22670a691e2ce6d4d6009c2b6aef4933,examples/custom-filter-link/src/snkrs.ts,S1441,CODE_SMELL,MINOR,convention
react-router,d85c049b22670a691e2ce6d4d6009c2b6aef4933,examples/custom-filter-link/src/snkrs.ts,S1441,CODE_SMELL,MINOR,convention
react-router,d85c049b22670a691e2ce6d4d6009c2b6aef4933,examples/custom-filter-link/src/snkrs.ts,S3723,CODE_SMELL,MINOR,convention
react-router,d85c049b22670a691e2ce6d4d6009c2b6aef4933,examples/custom-filter-link/src/snkrs.ts,S1441,CODE_SMELL,MINOR,convention
react-router,d85c049b22670a691e2ce6d4d6009c2b6aef4933,examples/custom-filter-link/src/snkrs.ts,S1441,CODE_SMELL,MINOR,convention
react-router,d85c049b22670a691e2ce6d4d6009c2b6aef4933,examples/custom-filter-link/src/snkrs.ts,S1441,CODE_SMELL,MINOR,convention
react-router,d85c049b22670a691e2ce6d4d6009c2b6aef4933,examples/custom-filter-link/src/snkrs.ts,S1441,CODE_SMELL,MINOR,convention
react-router,d85c049b22670a691e2ce6d4d6009c2b6aef4933,examples/custom-filter-link/src/snkrs.ts,S1441,CODE_SMELL,MINOR,convention
react-router,d85c049b22670a691e2ce6d4d6009c2b6aef4933,examples/custom-filter-link/src/snkrs.ts,S3723,CODE_SMELL,MINOR,convention
react-router,d85c049b22670a691e2ce6d4d6009c2b6aef4933,examples/custom-filter-link/src/snkrs.ts,S3723,CODE_SMELL,MINOR,convention
react-router,d85c049b22670a691e2ce6d4d6009c2b6aef4933,examples/custom-filter-link/src/snkrs.ts,S3723,CODE_SMELL,MINOR,convention
react-router,d85c049b22670a691e2ce6d4d6009c2b6aef4933,examples/custom-filter-link/src/snkrs.ts,S3353,CODE_SMELL,CRITICAL,es2015
react-router,d85c049b22670a691e2ce6d4d6009c2b6aef4933,examples/modal/src/images.ts,S3353,CODE_SMELL,CRITICAL,es2015
react-router,d85c049b22670a691e2ce6d4d6009c2b6aef4933,examples/modal/src/images.ts,S103,CODE_SMELL,MAJOR,convention
react-router,d85c049b22670a691e2ce6d4d6009c2b6aef4933,examples/modal/src/images.ts,S1441,CODE_SMELL,MINOR,convention
react-router,d85c049b22670a691e2ce6d4d6009c2b6aef4933,examples/modal/src/images.ts,S3723,CODE_SMELL,MINOR,convention
react-router,d85c049b22670a691e2ce6d4d6009c2b6aef4933,examples/modal/src/images.ts,S103,CODE_SMELL,MAJOR,convention
react-router,d85c049b22670a691e2ce6d4d6009c2b6aef4933,examples/modal/src/images.ts,S1441,CODE_SMELL,MINOR,convention
react-router,d85c049b22670a691e2ce6d4d6009c2b6aef4933,examples/modal/src/images.ts,S3723,CODE_SMELL,MINOR,convention
react-router,d85c049b22670a691e2ce6d4d6009c2b6aef4933,examples/modal/src/images.ts,S103,CODE_SMELL,MAJOR,convention
react-router,d85c049b22670a691e2ce6d4d6009c2b6aef4933,examples/modal/src/images.ts,S1441,CODE_SMELL,MINOR,convention
react-router,d85c049b22670a691e2ce6d4d6009c2b6aef4933,examples/modal/src/images.ts,S3723,CODE_SMELL,MINOR,convention
react-router,d85c049b22670a691e2ce6d4d6009c2b6aef4933,examples/modal/src/images.ts,S1441,CODE_SMELL,MINOR,convention
react-router,d85c049b22670a691e2ce6d4d6009c2b6aef4933,examples/modal/src/images.ts,S103,CODE_SMELL,MAJOR,convention
react-router,d85c049b22670a691e2ce6d4d6009c2b6aef4933,examples/modal/src/images.ts,S1441,CODE_SMELL,MINOR,convention
react-router,d85c049b22670a691e2ce6d4d6009c2b6aef4933,examples/modal/src/images.ts,S3723,CODE_SMELL,MINOR,convention
react-router,d85c049b22670a691e2ce6d4d6009c2b6aef4933,examples/modal/src/images.ts,S3723,CODE_SMELL,MINOR,convention
react-router,d85c049b22670a691e2ce6d4d6009c2b6aef4933,examples/auth/src/auth.ts,S1451,CODE_SMELL,BLOCKER,
react-router,d85c049b22670a691e2ce6d4d6009c2b6aef4933,examples/auth/src/auth.ts,S109,CODE_SMELL,MAJOR,brain-overload
react-router,d85c049b22670a691e2ce6d4d6009c2b6aef4933,examples/auth/src/auth.ts,S139,CODE_SMELL,MINOR,convention
react-router,d85c049b22670a691e2ce6d4d6009c2b6aef4933,examples/auth/src/auth.ts,S109,CODE_SMELL,MAJOR,brain-overload
react-router,d85c049b22670a691e2ce6d4d6009c2b6aef4933,examples/auth/src/auth.ts,S3723,CODE_SMELL,MINOR,convention
react-router,f16c5490dfa75f15dcfb86d2a981a7c58a9d1a33,examples/modal/src/images.ts,S1451,CODE_SMELL,BLOCKER,
react-router,f16c5490dfa75f15dcfb86d2a981a7c58a9d1a33,examples/modal/src/images.ts,S1441,CODE_SMELL,MINOR,convention
react-router,f16c5490dfa75f15dcfb86d2a981a7c58a9d1a33,examples/modal/src/images.ts,S1441,CODE_SMELL,MINOR,convention
react-router,f16c5490dfa75f15dcfb86d2a981a7c58a9d1a33,examples/modal/src/images.ts,S1441,CODE_SMELL,MINOR,convention
react-router,f16c5490dfa75f15dcfb86d2a981a7c58a9d1a33,examples/custom-filter-link/src/snkrs.ts,S1451,CODE_SMELL,BLOCKER,
react-router,f16c5490dfa75f15dcfb86d2a981a7c58a9d1a33,examples/custom-filter-link/src/snkrs.ts,S3353,CODE_SMELL,CRITICAL,es2015
react-router,f16c5490dfa75f15dcfb86d2a981a7c58a9d1a33,examples/custom-filter-link/src/snkrs.ts,S1441,CODE_SMELL,MINOR,convention
react-router,f16c5490dfa75f15dcfb86d2a981a7c58a9d1a33,examples/custom-filter-link/src/snkrs.ts,S1441,CODE_SMELL,MINOR,convention
react-router,f16c5490dfa75f15dcfb86d2a981a7c58a9d1a33,examples/custom-filter-link/src/snkrs.ts,S1441,CODE_SMELL,MINOR,convention
react-router,f16c5490dfa75f15dcfb86d2a981a7c58a9d1a33,examples/custom-filter-link/src/snkrs.ts,S1441,CODE_SMELL,MINOR,convention
react-router,f16c5490dfa75f15dcfb86d2a981a7c58a9d1a33,examples/custom-filter-link/src/snkrs.ts,S1441,CODE_SMELL,MINOR,convention
react-router,f16c5490dfa75f15dcfb86d2a981a7c58a9d1a33,examples/custom-filter-link/src/snkrs.ts,S3723,CODE_SMELL,MINOR,convention
react-router,f16c5490dfa75f15dcfb86d2a981a7c58a9d1a33,examples/custom-filter-link/src/snkrs.ts,S1441,CODE_SMELL,MINOR,convention
react-router,f16c5490dfa75f15dcfb86d2a981a7c58a9d1a33,examples/custom-filter-link/src/snkrs.ts,S1441,CODE_SMELL,MINOR,convention
react-router,f16c5490dfa75f15dcfb86d2a981a7c58a9d1a33,examples/custom-filter-link/src/snkrs.ts,S1441,CODE_SMELL,MINOR,convention
react-router,f16c5490dfa75f15dcfb86d2a981a7c58a9d1a33,examples/custom-filter-link/src/snkrs.ts,S1441,CODE_SMELL,MINOR,convention
react-router,f16c5490dfa75f15dcfb86d2a981a7c58a9d1a33,examples/custom-filter-link/src/snkrs.ts,S1441,CODE_SMELL,MINOR,convention
react-router,f16c5490dfa75f15dcfb86d2a981a7c58a9d1a33,examples/custom-filter-link/src/snkrs.ts,S3723,CODE_SMELL,MINOR,convention
react-router,f16c5490dfa75f15dcfb86d2a981a7c58a9d1a33,examples/custom-filter-link/src/snkrs.ts,S1441,CODE_SMELL,MINOR,convention
react-router,f16c5490dfa75f15dcfb86d2a981a7c58a9d1a33,examples/custom-filter-link/src/snkrs.ts,S1441,CODE_SMELL,MINOR,convention
react-router,f16c5490dfa75f15dcfb86d2a981a7c58a9d1a33,examples/custom-filter-link/src/snkrs.ts,S1441,CODE_SMELL,MINOR,convention
react-router,f16c5490dfa75f15dcfb86d2a981a7c58a9d1a33,examples/custom-filter-link/src/snkrs.ts,S1441,CODE_SMELL,MINOR,convention
react-router,f16c5490dfa75f15dcfb86d2a981a7c58a9d1a33,examples/custom-filter-link/src/snkrs.ts,S1441,CODE_SMELL,MINOR,convention
react-router,f16c5490dfa75f15dcfb86d2a981a7c58a9d1a33,examples/custom-filter-link/src/snkrs.ts,S3723,CODE_SMELL,MINOR,convention
react-router,f16c5490dfa75f15dcfb86d2a981a7c58a9d1a33,examples/custom-filter-link/src/snkrs.ts,S1441,CODE_SMELL,MINOR,convention
react-router,f16c5490dfa75f15dcfb86d2a981a7c58a9d1a33,examples/custom-filter-link/src/snkrs.ts,S1441,CODE_SMELL,MINOR,convention
react-router,f16c5490dfa75f15dcfb86d2a981a7c58a9d1a33,examples/custom-filter-link/src/snkrs.ts,S1441,CODE_SMELL,MINOR,convention
react-router,f16c5490dfa75f15dcfb86d2a981a7c58a9d1a33,examples/custom-filter-link/src/snkrs.ts,S1441,CODE_SMELL,MINOR,convention
react-router,f16c5490dfa75f15dcfb86d2a981a7c58a9d1a33,examples/custom-filter-link/src/snkrs.ts,S1441,CODE_SMELL,MINOR,convention
react-router,f16c5490dfa75f15dcfb86d2a981a7c58a9d1a33,examples/custom-filter-link/src/snkrs.ts,S3723,CODE_SMELL,MINOR,convention
react-router,f16c5490dfa75f15dcfb86d2a981a7c58a9d1a33,examples/custom-filter-link/src/snkrs.ts,S1441,CODE_SMELL,MINOR,convention
react-router,f16c5490dfa75f15dcfb86d2a981a7c58a9d1a33,examples/custom-filter-link/src/snkrs.ts,S1441,CODE_SMELL,MINOR,convention
react-router,f16c5490dfa75f15dcfb86d2a981a7c58a9d1a33,examples/custom-filter-link/src/snkrs.ts,S1441,CODE_SMELL,MINOR,convention
react-router,f16c5490dfa75f15dcfb86d2a981a7c58a9d1a33,examples/custom-filter-link/src/snkrs.ts,S1441,CODE_SMELL,MINOR,convention
react-router,f16c5490dfa75f15dcfb86d2a981a7c58a9d1a33,examples/custom-filter-link/src/snkrs.ts,S1441,CODE_SMELL,MINOR,convention
react-router,f16c5490dfa75f15dcfb86d2a981a7c58a9d1a33,examples/custom-filter-link/src/snkrs.ts,S3723,CODE_SMELL,MINOR,convention
react-router,f16c5490dfa75f15dcfb86d2a981a7c58a9d1a33,examples/custom-filter-link/src/snkrs.ts,S1441,CODE_SMELL,MINOR,convention
react-router,f16c5490dfa75f15dcfb86d2a981a7c58a9d1a33,examples/custom-filter-link/src/snkrs.ts,S1441,CODE_SMELL,MINOR,convention
react-router,f16c5490dfa75f15dcfb86d2a981a7c58a9d1a33,examples/custom-filter-link/src/snkrs.ts,S1441,CODE_SMELL,MINOR,convention
react-router,f16c5490dfa75f15dcfb86d2a981a7c58a9d1a33,examples/custom-filter-link/src/snkrs.ts,S1441,CODE_SMELL,MINOR,convention
react-router,f16c5490dfa75f15dcfb86d2a981a7c58a9d1a33,examples/custom-filter-link/src/snkrs.ts,S1441,CODE_SMELL,MINOR,convention
react-router,f16c5490dfa75f15dcfb86d2a981a7c58a9d1a33,examples/custom-filter-link/src/snkrs.ts,S3723,CODE_SMELL,MINOR,convention
react-router,f16c5490dfa75f15dcfb86d2a981a7c58a9d1a33,examples/custom-filter-link/src/snkrs.ts,S1441,CODE_SMELL,MINOR,convention
react-router,f16c5490dfa75f15dcfb86d2a981a7c58a9d1a33,examples/custom-filter-link/src/snkrs.ts,S1441,CODE_SMELL,MINOR,convention
react-router,f16c5490dfa75f15dcfb86d2a981a7c58a9d1a33,examples/custom-filter-link/src/snkrs.ts,S1441,CODE_SMELL,MINOR,convention
react-router,f16c5490dfa75f15dcfb86d2a981a7c58a9d1a33,examples/custom-filter-link/src/snkrs.ts,S1441,CODE_SMELL,MINOR,convention
react-router,f16c5490dfa75f15dcfb86d2a981a7c58a9d1a33,examples/custom-filter-link/src/snkrs.ts,S1441,CODE_SMELL,MINOR,convention
react-router,f16c5490dfa75f15dcfb86d2a981a7c58a9d1a33,examples/custom-filter-link/src/snkrs.ts,S3723,CODE_SMELL,MINOR,convention
react-router,f16c5490dfa75f15dcfb86d2a981a7c58a9d1a33,examples/custom-filter-link/src/snkrs.ts,S3723,CODE_SMELL,MINOR,convention
react-router,f16c5490dfa75f15dcfb86d2a981a7c58a9d1a33,examples/custom-filter-link/src/snkrs.ts,S3723,CODE_SMELL,MINOR,convention
react-router,f16c5490dfa75f15dcfb86d2a981a7c58a9d1a33,examples/custom-filter-link/src/snkrs.ts,S3353,CODE_SMELL,CRITICAL,es2015
react-router,f16c5490dfa75f15dcfb86d2a981a7c58a9d1a33,examples/modal/src/images.ts,S3353,CODE_SMELL,CRITICAL,es2015
react-router,f16c5490dfa75f15dcfb86d2a981a7c58a9d1a33,examples/modal/src/images.ts,S103,CODE_SMELL,MAJOR,convention
react-router,f16c5490dfa75f15dcfb86d2a981a7c58a9d1a33,examples/modal/src/images.ts,S1441,CODE_SMELL,MINOR,convention
react-router,f16c5490dfa75f15dcfb86d2a981a7c58a9d1a33,examples/modal/src/images.ts,S3723,CODE_SMELL,MINOR,convention
react-router,f16c5490dfa75f15dcfb86d2a981a7c58a9d1a33,examples/modal/src/images.ts,S103,CODE_SMELL,MAJOR,convention
react-router,f16c5490dfa75f15dcfb86d2a981a7c58a9d1a33,examples/modal/src/images.ts,S1441,CODE_SMELL,MINOR,convention
react-router,f16c5490dfa75f15dcfb86d2a981a7c58a9d1a33,examples/modal/src/images.ts,S3723,CODE_SMELL,MINOR,convention
react-router,f16c5490dfa75f15dcfb86d2a981a7c58a9d1a33,examples/modal/src/images.ts,S103,CODE_SMELL,MAJOR,convention
react-router,f16c5490dfa75f15dcfb86d2a981a7c58a9d1a33,examples/modal/src/images.ts,S1441,CODE_SMELL,MINOR,convention
react-router,f16c5490dfa75f15dcfb86d2a981a7c58a9d1a33,examples/modal/src/images.ts,S3723,CODE_SMELL,MINOR,convention
react-router,f16c5490dfa75f15dcfb86d2a981a7c58a9d1a33,examples/modal/src/images.ts,S1441,CODE_SMELL,MINOR,convention
react-router,f16c5490dfa75f15dcfb86d2a981a7c58a9d1a33,examples/modal/src/images.ts,S103,CODE_SMELL,MAJOR,convention
react-router,f16c5490dfa75f15dcfb86d2a981a7c58a9d1a33,examples/modal/src/images.ts,S1441,CODE_SMELL,MINOR,convention
react-router,f16c5490dfa75f15dcfb86d2a981a7c58a9d1a33,examples/modal/src/images.ts,S3723,CODE_SMELL,MINOR,convention
react-router,f16c5490dfa75f15dcfb86d2a981a7c58a9d1a33,examples/modal/src/images.ts,S3723,CODE_SMELL,MINOR,convention
react-router,f16c5490dfa75f15dcfb86d2a981a7c58a9d1a33,examples/auth/src/auth.ts,S1451,CODE_SMELL,BLOCKER,
react-router,f16c5490dfa75f15dcfb86d2a981a7c58a9d1a33,examples/auth/src/auth.ts,S109,CODE_SMELL,MAJOR,brain-overload
react-router,f16c5490dfa75f15dcfb86d2a981a7c58a9d1a33,examples/auth/src/auth.ts,S139,CODE_SMELL,MINOR,convention
react-router,f16c5490dfa75f15dcfb86d2a981a7c58a9d1a33,examples/auth/src/auth.ts,S109,CODE_SMELL,MAJOR,brain-overload
react-router,f16c5490dfa75f15dcfb86d2a981a7c58a9d1a33,examples/auth/src/auth.ts,S3723,CODE_SMELL,MINOR,convention
react-router,f9098955066fbdadad14da9d7296f7bb60e2009e,examples/modal/src/images.ts,S1451,CODE_SMELL,BLOCKER,
react-router,f9098955066fbdadad14da9d7296f7bb60e2009e,examples/modal/src/images.ts,S1441,CODE_SMELL,MINOR,convention
react-router,f9098955066fbdadad14da9d7296f7bb60e2009e,examples/modal/src/images.ts,S1441,CODE_SMELL,MINOR,convention
react-router,f9098955066fbdadad14da9d7296f7bb60e2009e,examples/modal/src/images.ts,S1441,CODE_SMELL,MINOR,convention
react-router,f9098955066fbdadad14da9d7296f7bb60e2009e,examples/custom-filter-link/src/snkrs.ts,S1451,CODE_SMELL,BLOCKER,
react-router,f9098955066fbdadad14da9d7296f7bb60e2009e,examples/custom-filter-link/src/snkrs.ts,S3353,CODE_SMELL,CRITICAL,es2015
react-router,f9098955066fbdadad14da9d7296f7bb60e2009e,examples/custom-filter-link/src/snkrs.ts,S1441,CODE_SMELL,MINOR,convention
react-router,f9098955066fbdadad14da9d7296f7bb60e2009e,examples/custom-filter-link/src/snkrs.ts,S1441,CODE_SMELL,MINOR,convention
react-router,f9098955066fbdadad14da9d7296f7bb60e2009e,examples/custom-filter-link/src/snkrs.ts,S1441,CODE_SMELL,MINOR,convention
react-router,f9098955066fbdadad14da9d7296f7bb60e2009e,examples/custom-filter-link/src/snkrs.ts,S1441,CODE_SMELL,MINOR,convention
react-router,f9098955066fbdadad14da9d7296f7bb60e2009e,examples/custom-filter-link/src/snkrs.ts,S1441,CODE_SMELL,MINOR,convention
react-router,f9098955066fbdadad14da9d7296f7bb60e2009e,examples/custom-filter-link/src/snkrs.ts,S3723,CODE_SMELL,MINOR,convention
react-router,f9098955066fbdadad14da9d7296f7bb60e2009e,examples/custom-filter-link/src/snkrs.ts,S1441,CODE_SMELL,MINOR,convention
react-router,f9098955066fbdadad14da9d7296f7bb60e2009e,examples/custom-filter-link/src/snkrs.ts,S1441,CODE_SMELL,MINOR,convention
react-router,f9098955066fbdadad14da9d7296f7bb60e2009e,examples/custom-filter-link/src/snkrs.ts,S1441,CODE_SMELL,MINOR,convention
react-router,f9098955066fbdadad14da9d7296f7bb60e2009e,examples/custom-filter-link/src/snkrs.ts,S1441,CODE_SMELL,MINOR,convention
react-router,f9098955066fbdadad14da9d7296f7bb60e2009e,examples/custom-filter-link/src/snkrs.ts,S1441,CODE_SMELL,MINOR,convention
react-router,f9098955066fbdadad14da9d7296f7bb60e2009e,examples/custom-filter-link/src/snkrs.ts,S3723,CODE_SMELL,MINOR,convention
react-router,f9098955066fbdadad14da9d7296f7bb60e2009e,examples/custom-filter-link/src/snkrs.ts,S1441,CODE_SMELL,MINOR,convention
react-router,f9098955066fbdadad14da9d7296f7bb60e2009e,examples/custom-filter-link/src/snkrs.ts,S1441,CODE_SMELL,MINOR,convention
react-router,f9098955066fbdadad14da9d7296f7bb60e2009e,examples/custom-filter-link/src/snkrs.ts,S1441,CODE_SMELL,MINOR,convention
react-router,f9098955066fbdadad14da9d7296f7bb60e2009e,examples/custom-filter-link/src/snkrs.ts,S1441,CODE_SMELL,MINOR,convention
react-router,f9098955066fbdadad14da9d7296f7bb60e2009e,examples/custom-filter-link/src/snkrs.ts,S1441,CODE_SMELL,MINOR,convention
react-router,f9098955066fbdadad14da9d7296f7bb60e2009e,examples/custom-filter-link/src/snkrs.ts,S3723,CODE_SMELL,MINOR,convention
react-router,f9098955066fbdadad14da9d7296f7bb60e2009e,examples/custom-filter-link/src/snkrs.ts,S1441,CODE_SMELL,MINOR,convention
react-router,f9098955066fbdadad14da9d7296f7bb60e2009e,examples/custom-filter-link/src/snkrs.ts,S1441,CODE_SMELL,MINOR,convention
react-router,f9098955066fbdadad14da9d7296f7bb60e2009e,examples/custom-filter-link/src/snkrs.ts,S1441,CODE_SMELL,MINOR,convention
react-router,f9098955066fbdadad14da9d7296f7bb60e2009e,examples/custom-filter-link/src/snkrs.ts,S1441,CODE_SMELL,MINOR,convention
react-router,f9098955066fbdadad14da9d7296f7bb60e2009e,examples/custom-filter-link/src/snkrs.ts,S1441,CODE_SMELL,MINOR,convention
react-router,f9098955066fbdadad14da9d7296f7bb60e2009e,examples/custom-filter-link/src/snkrs.ts,S3723,CODE_SMELL,MINOR,convention
react-router,f9098955066fbdadad14da9d7296f7bb60e2009e,examples/custom-filter-link/src/snkrs.ts,S1441,CODE_SMELL,MINOR,convention
react-router,f9098955066fbdadad14da9d7296f7bb60e2009e,examples/custom-filter-link/src/snkrs.ts,S1441,CODE_SMELL,MINOR,convention
react-router,f9098955066fbdadad14da9d7296f7bb60e2009e,examples/custom-filter-link/src/snkrs.ts,S1441,CODE_SMELL,MINOR,convention
react-router,f9098955066fbdadad14da9d7296f7bb60e2009e,examples/custom-filter-link/src/snkrs.ts,S1441,CODE_SMELL,MINOR,convention
react-router,f9098955066fbdadad14da9d7296f7bb60e2009e,examples/custom-filter-link/src/snkrs.ts,S1441,CODE_SMELL,MINOR,convention
react-router,f9098955066fbdadad14da9d7296f7bb60e2009e,examples/custom-filter-link/src/snkrs.ts,S3723,CODE_SMELL,MINOR,convention
react-router,f9098955066fbdadad14da9d7296f7bb60e2009e,examples/custom-filter-link/src/snkrs.ts,S1441,CODE_SMELL,MINOR,convention
react-router,f9098955066fbdadad14da9d7296f7bb60e2009e,examples/custom-filter-link/src/snkrs.ts,S1441,CODE_SMELL,MINOR,convention
react-router,f9098955066fbdadad14da9d7296f7bb60e2009e,examples/custom-filter-link/src/snkrs.ts,S1441,CODE_SMELL,MINOR,convention
react-router,f9098955066fbdadad14da9d7296f7bb60e2009e,examples/custom-filter-link/src/snkrs.ts,S1441,CODE_SMELL,MINOR,convention
react-router,f9098955066fbdadad14da9d7296f7bb60e2009e,examples/custom-filter-link/src/snkrs.ts,S1441,CODE_SMELL,MINOR,convention
react-router,f9098955066fbdadad14da9d7296f7bb60e2009e,examples/custom-filter-link/src/snkrs.ts,S3723,CODE_SMELL,MINOR,convention
react-router,f9098955066fbdadad14da9d7296f7bb60e2009e,examples/custom-filter-link/src/snkrs.ts,S1441,CODE_SMELL,MINOR,convention
react-router,f9098955066fbdadad14da9d7296f7bb60e2009e,examples/custom-filter-link/src/snkrs.ts,S1441,CODE_SMELL,MINOR,convention
react-router,f9098955066fbdadad14da9d7296f7bb60e2009e,examples/custom-filter-link/src/snkrs.ts,S1441,CODE_SMELL,MINOR,convention
react-router,f9098955066fbdadad14da9d7296f7bb60e2009e,examples/custom-filter-link/src/snkrs.ts,S1441,CODE_SMELL,MINOR,convention
react-router,f9098955066fbdadad14da9d7296f7bb60e2009e,examples/custom-filter-link/src/snkrs.ts,S1441,CODE_SMELL,MINOR,convention
react-router,f9098955066fbdadad14da9d7296f7bb60e2009e,examples/custom-filter-link/src/snkrs.ts,S3723,CODE_SMELL,MINOR,convention
react-router,f9098955066fbdadad14da9d7296f7bb60e2009e,examples/custom-filter-link/src/snkrs.ts,S3723,CODE_SMELL,MINOR,convention
react-router,f9098955066fbdadad14da9d7296f7bb60e2009e,examples/custom-filter-link/src/snkrs.ts,S3723,CODE_SMELL,MINOR,convention
react-router,f9098955066fbdadad14da9d7296f7bb60e2009e,examples/custom-filter-link/src/snkrs.ts,S3353,CODE_SMELL,CRITICAL,es2015
react-router,f9098955066fbdadad14da9d7296f7bb60e2009e,examples/modal/src/images.ts,S3353,CODE_SMELL,CRITICAL,es2015
react-router,f9098955066fbdadad14da9d7296f7bb60e2009e,examples/modal/src/images.ts,S103,CODE_SMELL,MAJOR,convention
react-router,f9098955066fbdadad14da9d7296f7bb60e2009e,examples/modal/src/images.ts,S1441,CODE_SMELL,MINOR,convention
react-router,f9098955066fbdadad14da9d7296f7bb60e2009e,examples/modal/src/images.ts,S3723,CODE_SMELL,MINOR,convention
react-router,f9098955066fbdadad14da9d7296f7bb60e2009e,examples/modal/src/images.ts,S103,CODE_SMELL,MAJOR,convention
react-router,f9098955066fbdadad14da9d7296f7bb60e2009e,examples/modal/src/images.ts,S1441,CODE_SMELL,MINOR,convention
react-router,f9098955066fbdadad14da9d7296f7bb60e2009e,examples/modal/src/images.ts,S3723,CODE_SMELL,MINOR,convention
react-router,f9098955066fbdadad14da9d7296f7bb60e2009e,examples/modal/src/images.ts,S1441,CODE_SMELL,MINOR,convention
react-router,f9098955066fbdadad14da9d7296f7bb60e2009e,examples/modal/src/images.ts,S103,CODE_SMELL,MAJOR,convention
react-router,f9098955066fbdadad14da9d7296f7bb60e2009e,examples/modal/src/images.ts,S3723,CODE_SMELL,MINOR,convention
react-router,f9098955066fbdadad14da9d7296f7bb60e2009e,examples/modal/src/images.ts,S1441,CODE_SMELL,MINOR,convention
react-router,f9098955066fbdadad14da9d7296f7bb60e2009e,examples/modal/src/images.ts,S103,CODE_SMELL,MAJOR,convention
react-router,f9098955066fbdadad14da9d7296f7bb60e2009e,examples/modal/src/images.ts,S1441,CODE_SMELL,MINOR,convention
react-router,f9098955066fbdadad14da9d7296f7bb60e2009e,examples/modal/src/images.ts,S3723,CODE_SMELL,MINOR,convention
react-router,f9098955066fbdadad14da9d7296f7bb60e2009e,examples/modal/src/images.ts,S3723,CODE_SMELL,MINOR,convention
react-router,f9098955066fbdadad14da9d7296f7bb60e2009e,examples/auth/src/auth.ts,S1451,CODE_SMELL,BLOCKER,
react-router,f9098955066fbdadad14da9d7296f7bb60e2009e,examples/auth/src/auth.ts,S109,CODE_SMELL,MAJOR,brain-overload
react-router,f9098955066fbdadad14da9d7296f7bb60e2009e,examples/auth/src/auth.ts,S139,CODE_SMELL,MINOR,convention
react-router,f9098955066fbdadad14da9d7296f7bb60e2009e,examples/auth/src/auth.ts,S109,CODE_SMELL,MAJOR,brain-overload
react-router,f9098955066fbdadad14da9d7296f7bb60e2009e,examples/auth/src/auth.ts,S3723,CODE_SMELL,MINOR,convention
