project,commit_hash,file_name,loc
fullPage.js,af4c20dd083961bf3cd464083ee1e2ff7f667fcc,jquery.fullPage.min.js,9
fullPage.js,af4c20dd083961bf3cd464083ee1e2ff7f667fcc,gulpfile.js,38
fullPage.js,af4c20dd083961bf3cd464083ee1e2ff7f667fcc,jquery.fullPage.js,2544
fullPage.js,af4c20dd083961bf3cd464083ee1e2ff7f667fcc,vendors/scrolloverflow.js,1722
fullPage.js,af4c20dd083961bf3cd464083ee1e2ff7f667fcc,vendors/jquery.easings.min.js,5
fullPage.js,af4c20dd083961bf3cd464083ee1e2ff7f667fcc,vendors/scrolloverflow.min.js,65
fullPage.js,af4c20dd083961bf3cd464083ee1e2ff7f667fcc,dist/jquery.fullpage.min.js,9
fullPage.js,af4c20dd083961bf3cd464083ee1e2ff7f667fcc,dist/jquery.fullpage.js,2544
fullPage.js,af4c20dd083961bf3cd464083ee1e2ff7f667fcc,examples/examples.js,5
fullPage.js,af4c20dd083961bf3cd464083ee1e2ff7f667fcc,pure javascript (Alpha)/javascript.fullPage.min.js,42
fullPage.js,af4c20dd083961bf3cd464083ee1e2ff7f667fcc,pure javascript (Alpha)/javascript.fullPage.js,1763
fullPage.js,8be3a53ffae635d5cbb368afeebe642e659de7d3,jquery.fullPage.min.js,9
fullPage.js,8be3a53ffae635d5cbb368afeebe642e659de7d3,gulpfile.js,38
fullPage.js,8be3a53ffae635d5cbb368afeebe642e659de7d3,jquery.fullPage.js,2571
fullPage.js,8be3a53ffae635d5cbb368afeebe642e659de7d3,vendors/scrolloverflow.js,1722
fullPage.js,8be3a53ffae635d5cbb368afeebe642e659de7d3,vendors/jquery.easings.min.js,5
fullPage.js,8be3a53ffae635d5cbb368afeebe642e659de7d3,vendors/scrolloverflow.min.js,65
fullPage.js,8be3a53ffae635d5cbb368afeebe642e659de7d3,dist/jquery.fullpage.min.js,9
fullPage.js,8be3a53ffae635d5cbb368afeebe642e659de7d3,dist/jquery.fullpage.js,2571
fullPage.js,8be3a53ffae635d5cbb368afeebe642e659de7d3,examples/examples.js,5
fullPage.js,8be3a53ffae635d5cbb368afeebe642e659de7d3,pure javascript (Alpha)/javascript.fullPage.min.js,42
fullPage.js,8be3a53ffae635d5cbb368afeebe642e659de7d3,pure javascript (Alpha)/javascript.fullPage.js,1763
fullPage.js,17bd7913cbb24c0760cfb68069ea32a52d037f3c,jquery.fullPage.min.js,9
fullPage.js,17bd7913cbb24c0760cfb68069ea32a52d037f3c,gulpfile.js,47
fullPage.js,17bd7913cbb24c0760cfb68069ea32a52d037f3c,jquery.fullPage.js,2534
fullPage.js,17bd7913cbb24c0760cfb68069ea32a52d037f3c,vendors/scrolloverflow.js,1722
fullPage.js,17bd7913cbb24c0760cfb68069ea32a52d037f3c,vendors/jquery.easings.min.js,5
fullPage.js,17bd7913cbb24c0760cfb68069ea32a52d037f3c,vendors/scrolloverflow.min.js,65
fullPage.js,17bd7913cbb24c0760cfb68069ea32a52d037f3c,dist/jquery.fullpage.extensions.min.js,10
fullPage.js,17bd7913cbb24c0760cfb68069ea32a52d037f3c,dist/jquery.fullpage.min.js,9
fullPage.js,17bd7913cbb24c0760cfb68069ea32a52d037f3c,dist/jquery.fullpage.js,2534
fullPage.js,17bd7913cbb24c0760cfb68069ea32a52d037f3c,examples/examples.js,5
fullPage.js,17bd7913cbb24c0760cfb68069ea32a52d037f3c,pure javascript (Alpha)/javascript.fullPage.min.js,42
fullPage.js,17bd7913cbb24c0760cfb68069ea32a52d037f3c,pure javascript (Alpha)/javascript.fullPage.js,1763
fullPage.js,e13f9d994c802f78aff9ec33b76d7501a9ced458,jquery.fullPage.min.js,9
fullPage.js,e13f9d994c802f78aff9ec33b76d7501a9ced458,gulpfile.js,47
fullPage.js,e13f9d994c802f78aff9ec33b76d7501a9ced458,jquery.fullPage.js,2566
fullPage.js,e13f9d994c802f78aff9ec33b76d7501a9ced458,vendors/scrolloverflow.js,1722
fullPage.js,e13f9d994c802f78aff9ec33b76d7501a9ced458,vendors/jquery.easings.min.js,5
fullPage.js,e13f9d994c802f78aff9ec33b76d7501a9ced458,vendors/scrolloverflow.min.js,65
fullPage.js,e13f9d994c802f78aff9ec33b76d7501a9ced458,dist/jquery.fullpage.extensions.min.js,9
fullPage.js,e13f9d994c802f78aff9ec33b76d7501a9ced458,dist/jquery.fullpage.min.js,9
fullPage.js,e13f9d994c802f78aff9ec33b76d7501a9ced458,dist/jquery.fullpage.js,2566
fullPage.js,e13f9d994c802f78aff9ec33b76d7501a9ced458,examples/examples.js,5
fullPage.js,e13f9d994c802f78aff9ec33b76d7501a9ced458,pure javascript (Alpha)/javascript.fullPage.min.js,42
fullPage.js,e13f9d994c802f78aff9ec33b76d7501a9ced458,pure javascript (Alpha)/javascript.fullPage.js,1763
fullPage.js,52f68a9e28c3d6e97c78733257127b06996c9ff3,jquery.fullPage.min.js,9
fullPage.js,52f68a9e28c3d6e97c78733257127b06996c9ff3,gulpfile.js,47
fullPage.js,52f68a9e28c3d6e97c78733257127b06996c9ff3,jquery.fullPage.js,2560
fullPage.js,52f68a9e28c3d6e97c78733257127b06996c9ff3,vendors/scrolloverflow.js,1722
fullPage.js,52f68a9e28c3d6e97c78733257127b06996c9ff3,vendors/jquery.easings.min.js,5
fullPage.js,52f68a9e28c3d6e97c78733257127b06996c9ff3,vendors/scrolloverflow.min.js,65
fullPage.js,52f68a9e28c3d6e97c78733257127b06996c9ff3,dist/jquery.fullpage.extensions.min.js,9
fullPage.js,52f68a9e28c3d6e97c78733257127b06996c9ff3,dist/jquery.fullpage.min.js,9
fullPage.js,52f68a9e28c3d6e97c78733257127b06996c9ff3,dist/jquery.fullpage.js,2560
fullPage.js,52f68a9e28c3d6e97c78733257127b06996c9ff3,examples/examples.js,5
fullPage.js,52f68a9e28c3d6e97c78733257127b06996c9ff3,pure javascript (Alpha)/javascript.fullPage.min.js,42
fullPage.js,52f68a9e28c3d6e97c78733257127b06996c9ff3,pure javascript (Alpha)/javascript.fullPage.js,1763
fullPage.js,3e33e653f579ad7f6ba927af3bb6aeb4881a436e,jquery.fullPage.min.js,8
fullPage.js,3e33e653f579ad7f6ba927af3bb6aeb4881a436e,gulpfile.js,47
fullPage.js,3e33e653f579ad7f6ba927af3bb6aeb4881a436e,jquery.fullPage.js,2569
fullPage.js,3e33e653f579ad7f6ba927af3bb6aeb4881a436e,vendors/scrolloverflow.js,1722
fullPage.js,3e33e653f579ad7f6ba927af3bb6aeb4881a436e,vendors/jquery.easings.min.js,5
fullPage.js,3e33e653f579ad7f6ba927af3bb6aeb4881a436e,vendors/scrolloverflow.min.js,65
fullPage.js,3e33e653f579ad7f6ba927af3bb6aeb4881a436e,dist/jquery.fullpage.extensions.min.js,9
fullPage.js,3e33e653f579ad7f6ba927af3bb6aeb4881a436e,dist/jquery.fullpage.min.js,9
fullPage.js,3e33e653f579ad7f6ba927af3bb6aeb4881a436e,dist/jquery.fullpage.js,2569
fullPage.js,3e33e653f579ad7f6ba927af3bb6aeb4881a436e,examples/examples.js,5
fullPage.js,3e33e653f579ad7f6ba927af3bb6aeb4881a436e,pure javascript (Alpha)/javascript.fullPage.min.js,42
fullPage.js,3e33e653f579ad7f6ba927af3bb6aeb4881a436e,pure javascript (Alpha)/javascript.fullPage.js,1763
fullPage.js,fcc11b0118305e13d80ca2b4dcf84f8795a8fd57,jquery.fullPage.min.js,8
fullPage.js,fcc11b0118305e13d80ca2b4dcf84f8795a8fd57,gulpfile.js,47
fullPage.js,fcc11b0118305e13d80ca2b4dcf84f8795a8fd57,jquery.fullPage.js,2570
fullPage.js,fcc11b0118305e13d80ca2b4dcf84f8795a8fd57,vendors/scrolloverflow.js,1722
fullPage.js,fcc11b0118305e13d80ca2b4dcf84f8795a8fd57,vendors/jquery.easings.min.js,5
fullPage.js,fcc11b0118305e13d80ca2b4dcf84f8795a8fd57,vendors/scrolloverflow.min.js,65
fullPage.js,fcc11b0118305e13d80ca2b4dcf84f8795a8fd57,dist/jquery.fullpage.extensions.min.js,9
fullPage.js,fcc11b0118305e13d80ca2b4dcf84f8795a8fd57,dist/jquery.fullpage.min.js,9
fullPage.js,fcc11b0118305e13d80ca2b4dcf84f8795a8fd57,dist/jquery.fullpage.js,2570
fullPage.js,fcc11b0118305e13d80ca2b4dcf84f8795a8fd57,examples/examples.js,5
fullPage.js,fcc11b0118305e13d80ca2b4dcf84f8795a8fd57,pure javascript (Alpha)/javascript.fullPage.min.js,42
fullPage.js,fcc11b0118305e13d80ca2b4dcf84f8795a8fd57,pure javascript (Alpha)/javascript.fullPage.js,1763
fullPage.js,e94b8b686b100a8e268360568fd3718a7fd13ce9,jquery.fullPage.min.js,8
fullPage.js,e94b8b686b100a8e268360568fd3718a7fd13ce9,gulpfile.js,47
fullPage.js,e94b8b686b100a8e268360568fd3718a7fd13ce9,jquery.fullPage.js,2570
fullPage.js,e94b8b686b100a8e268360568fd3718a7fd13ce9,vendors/scrolloverflow.js,1722
fullPage.js,e94b8b686b100a8e268360568fd3718a7fd13ce9,vendors/jquery.easings.min.js,5
fullPage.js,e94b8b686b100a8e268360568fd3718a7fd13ce9,vendors/scrolloverflow.min.js,65
fullPage.js,e94b8b686b100a8e268360568fd3718a7fd13ce9,dist/jquery.fullpage.extensions.min.js,9
fullPage.js,e94b8b686b100a8e268360568fd3718a7fd13ce9,dist/jquery.fullpage.min.js,9
fullPage.js,e94b8b686b100a8e268360568fd3718a7fd13ce9,dist/jquery.fullpage.js,2570
fullPage.js,e94b8b686b100a8e268360568fd3718a7fd13ce9,examples/examples.js,5
fullPage.js,e94b8b686b100a8e268360568fd3718a7fd13ce9,pure javascript (Alpha)/javascript.fullPage.min.js,42
fullPage.js,e94b8b686b100a8e268360568fd3718a7fd13ce9,pure javascript (Alpha)/javascript.fullPage.js,1763
fullPage.js,88145209d3a5737d19be704ae77fd3f9efcbc94b,jquery.fullPage.min.js,9
fullPage.js,88145209d3a5737d19be704ae77fd3f9efcbc94b,gulpfile.js,47
fullPage.js,88145209d3a5737d19be704ae77fd3f9efcbc94b,jquery.fullPage.js,2582
fullPage.js,88145209d3a5737d19be704ae77fd3f9efcbc94b,vendors/scrolloverflow.js,1722
fullPage.js,88145209d3a5737d19be704ae77fd3f9efcbc94b,vendors/jquery.easings.min.js,5
fullPage.js,88145209d3a5737d19be704ae77fd3f9efcbc94b,vendors/scrolloverflow.min.js,65
fullPage.js,88145209d3a5737d19be704ae77fd3f9efcbc94b,dist/jquery.fullpage.extensions.min.js,9
fullPage.js,88145209d3a5737d19be704ae77fd3f9efcbc94b,dist/jquery.fullpage.min.js,9
fullPage.js,88145209d3a5737d19be704ae77fd3f9efcbc94b,dist/jquery.fullpage.js,2582
fullPage.js,88145209d3a5737d19be704ae77fd3f9efcbc94b,examples/examples.js,5
fullPage.js,88145209d3a5737d19be704ae77fd3f9efcbc94b,pure javascript (Alpha)/javascript.fullPage.min.js,42
fullPage.js,88145209d3a5737d19be704ae77fd3f9efcbc94b,pure javascript (Alpha)/javascript.fullPage.js,1763
fullPage.js,c2d3fb5793790ed2af173e0915803dc967158777,jquery.fullPage.min.js,9
fullPage.js,c2d3fb5793790ed2af173e0915803dc967158777,gulpfile.js,47
fullPage.js,c2d3fb5793790ed2af173e0915803dc967158777,jquery.fullPage.js,2614
fullPage.js,c2d3fb5793790ed2af173e0915803dc967158777,vendors/scrolloverflow.js,1722
fullPage.js,c2d3fb5793790ed2af173e0915803dc967158777,vendors/jquery.easings.min.js,5
fullPage.js,c2d3fb5793790ed2af173e0915803dc967158777,vendors/scrolloverflow.min.js,65
fullPage.js,c2d3fb5793790ed2af173e0915803dc967158777,dist/jquery.fullpage.extensions.min.js,9
fullPage.js,c2d3fb5793790ed2af173e0915803dc967158777,dist/jquery.fullpage.min.js,9
fullPage.js,c2d3fb5793790ed2af173e0915803dc967158777,dist/jquery.fullpage.js,2614
fullPage.js,c2d3fb5793790ed2af173e0915803dc967158777,examples/examples.js,5
fullPage.js,c2d3fb5793790ed2af173e0915803dc967158777,pure javascript (Alpha)/javascript.fullPage.min.js,42
fullPage.js,c2d3fb5793790ed2af173e0915803dc967158777,pure javascript (Alpha)/javascript.fullPage.js,1763
fullPage.js,fc34fb061ea7e03dac93a45c0673b2307ee6a76d,gulpfile.js,58
fullPage.js,fc34fb061ea7e03dac93a45c0673b2307ee6a76d,jquery.fullPage.js,2371
fullPage.js,fc34fb061ea7e03dac93a45c0673b2307ee6a76d,vendors/scrolloverflow.js,2255
fullPage.js,fc34fb061ea7e03dac93a45c0673b2307ee6a76d,vendors/jquery.easings.min.js,5
fullPage.js,fc34fb061ea7e03dac93a45c0673b2307ee6a76d,vendors/scrolloverflow.min.js,15
fullPage.js,fc34fb061ea7e03dac93a45c0673b2307ee6a76d,dist/jquery.fullpage.extensions.min.js,9
fullPage.js,fc34fb061ea7e03dac93a45c0673b2307ee6a76d,dist/jquery.fullpage.min.js,9
fullPage.js,fc34fb061ea7e03dac93a45c0673b2307ee6a76d,dist/jquery.fullpage.js,2371
fullPage.js,fc34fb061ea7e03dac93a45c0673b2307ee6a76d,examples/examples.js,5
fullPage.js,fc34fb061ea7e03dac93a45c0673b2307ee6a76d,pure javascript (Alpha)/javascript.fullPage.min.js,42
fullPage.js,fc34fb061ea7e03dac93a45c0673b2307ee6a76d,pure javascript (Alpha)/javascript.fullPage.js,1763
fullPage.js,c0019fbc33ee54c82a593d91fa556b572352aa32,gulpfile.js,57
fullPage.js,c0019fbc33ee54c82a593d91fa556b572352aa32,jquery.fullPage.js,2419
fullPage.js,c0019fbc33ee54c82a593d91fa556b572352aa32,vendors/scrolloverflow.js,2274
fullPage.js,c0019fbc33ee54c82a593d91fa556b572352aa32,vendors/jquery.easings.min.js,5
fullPage.js,c0019fbc33ee54c82a593d91fa556b572352aa32,vendors/scrolloverflow.min.js,15
fullPage.js,c0019fbc33ee54c82a593d91fa556b572352aa32,dist/jquery.fullpage.extensions.min.js,9
fullPage.js,c0019fbc33ee54c82a593d91fa556b572352aa32,dist/jquery.fullpage.min.js,9
fullPage.js,c0019fbc33ee54c82a593d91fa556b572352aa32,dist/jquery.fullpage.js,2419
fullPage.js,c0019fbc33ee54c82a593d91fa556b572352aa32,examples/examples.js,5
fullPage.js,c0019fbc33ee54c82a593d91fa556b572352aa32,pure javascript (Alpha)/javascript.fullPage.min.js,42
fullPage.js,c0019fbc33ee54c82a593d91fa556b572352aa32,pure javascript (Alpha)/javascript.fullPage.js,1763
fullPage.js,710472111b190d062486ddd3c9d18bfae9391d70,gulpfile.js,63
fullPage.js,710472111b190d062486ddd3c9d18bfae9391d70,jquery.fullPage.js,2427
fullPage.js,710472111b190d062486ddd3c9d18bfae9391d70,vendors/scrolloverflow.js,2072
fullPage.js,710472111b190d062486ddd3c9d18bfae9391d70,vendors/jquery.easings.min.js,5
fullPage.js,710472111b190d062486ddd3c9d18bfae9391d70,vendors/scrolloverflow.min.js,15
fullPage.js,710472111b190d062486ddd3c9d18bfae9391d70,dist/jquery.fullpage.extensions.min.js,8
fullPage.js,710472111b190d062486ddd3c9d18bfae9391d70,dist/jquery.fullpage.min.js,9
fullPage.js,710472111b190d062486ddd3c9d18bfae9391d70,dist/jquery.fullpage.js,2427
fullPage.js,710472111b190d062486ddd3c9d18bfae9391d70,examples/examples.js,5
fullPage.js,710472111b190d062486ddd3c9d18bfae9391d70,pure javascript (Alpha)/javascript.fullPage.min.js,42
fullPage.js,710472111b190d062486ddd3c9d18bfae9391d70,pure javascript (Alpha)/javascript.fullPage.js,1767
fullPage.js,aefbf8f7947408ed3105a6e6af307ea32ef96502,gulpfile.js,59
fullPage.js,aefbf8f7947408ed3105a6e6af307ea32ef96502,vendors/scrolloverflow.js,2091
fullPage.js,aefbf8f7947408ed3105a6e6af307ea32ef96502,vendors/scrolloverflow.min.js,15
fullPage.js,aefbf8f7947408ed3105a6e6af307ea32ef96502,vendors/easings.js,170
fullPage.js,aefbf8f7947408ed3105a6e6af307ea32ef96502,vendors/easings.min.js,2
fullPage.js,aefbf8f7947408ed3105a6e6af307ea32ef96502,dist/fullpage.js,3255
fullPage.js,aefbf8f7947408ed3105a6e6af307ea32ef96502,dist/fullpage.min.js,12
fullPage.js,aefbf8f7947408ed3105a6e6af307ea32ef96502,dist/fullpage.extensions.min.js,8
fullPage.js,aefbf8f7947408ed3105a6e6af307ea32ef96502,examples/examples.js,4
fullPage.js,aefbf8f7947408ed3105a6e6af307ea32ef96502,src/fullpage.js,3255
fullPage.js,4ba9a4a404b9c96ea8acef3714f7f47d87ae7fe0,gulpfile.js,59
fullPage.js,4ba9a4a404b9c96ea8acef3714f7f47d87ae7fe0,vendors/scrolloverflow.js,2096
fullPage.js,4ba9a4a404b9c96ea8acef3714f7f47d87ae7fe0,vendors/scrolloverflow.min.js,15
fullPage.js,4ba9a4a404b9c96ea8acef3714f7f47d87ae7fe0,vendors/easings.js,170
fullPage.js,4ba9a4a404b9c96ea8acef3714f7f47d87ae7fe0,vendors/easings.min.js,2
fullPage.js,4ba9a4a404b9c96ea8acef3714f7f47d87ae7fe0,dist/fullpage.js,3259
fullPage.js,4ba9a4a404b9c96ea8acef3714f7f47d87ae7fe0,dist/fullpage.min.js,12
fullPage.js,4ba9a4a404b9c96ea8acef3714f7f47d87ae7fe0,dist/fullpage.extensions.min.js,8
fullPage.js,4ba9a4a404b9c96ea8acef3714f7f47d87ae7fe0,examples/examples.js,4
fullPage.js,4ba9a4a404b9c96ea8acef3714f7f47d87ae7fe0,examples/requirejs-example/src/main.js,16
fullPage.js,4ba9a4a404b9c96ea8acef3714f7f47d87ae7fe0,examples/requirejs-example/src/require.config.js,13
fullPage.js,4ba9a4a404b9c96ea8acef3714f7f47d87ae7fe0,examples/requirejs-example/src/pepe.js,65
fullPage.js,4ba9a4a404b9c96ea8acef3714f7f47d87ae7fe0,src/fullpage.js,3259
fullPage.js,3f2a8ef9405d64a7d24460811435c561870f9259,gulpfile.js,59
fullPage.js,3f2a8ef9405d64a7d24460811435c561870f9259,vendors/scrolloverflow.js,2104
fullPage.js,3f2a8ef9405d64a7d24460811435c561870f9259,vendors/scrolloverflow.min.js,15
fullPage.js,3f2a8ef9405d64a7d24460811435c561870f9259,vendors/easings.js,169
fullPage.js,3f2a8ef9405d64a7d24460811435c561870f9259,vendors/easings.min.js,2
fullPage.js,3f2a8ef9405d64a7d24460811435c561870f9259,dist/fullpage.js,3301
fullPage.js,3f2a8ef9405d64a7d24460811435c561870f9259,dist/fullpage.min.js,12
fullPage.js,3f2a8ef9405d64a7d24460811435c561870f9259,dist/fullpage.extensions.min.js,8
fullPage.js,3f2a8ef9405d64a7d24460811435c561870f9259,examples/examples.js,4
fullPage.js,3f2a8ef9405d64a7d24460811435c561870f9259,examples/module_loaders/browserify-example/dist/main.js,3279
fullPage.js,3f2a8ef9405d64a7d24460811435c561870f9259,examples/module_loaders/browserify-example/src/index.js,17
fullPage.js,3f2a8ef9405d64a7d24460811435c561870f9259,examples/module_loaders/requirejs-example/src/main.js,30
fullPage.js,3f2a8ef9405d64a7d24460811435c561870f9259,examples/module_loaders/requirejs-example/src/require.config.js,14
fullPage.js,3f2a8ef9405d64a7d24460811435c561870f9259,examples/module_loaders/webpack-example/webpack.config.js,11
fullPage.js,3f2a8ef9405d64a7d24460811435c561870f9259,examples/module_loaders/webpack-example/dist/main.js,23
fullPage.js,3f2a8ef9405d64a7d24460811435c561870f9259,examples/module_loaders/webpack-example/src/index.js,18
fullPage.js,3f2a8ef9405d64a7d24460811435c561870f9259,src/fullpage.js,3301
fullPage.js,e5237bf3e4bf6ed2a68f28a17e7a9b201493074a,gulpfile.js,59
fullPage.js,e5237bf3e4bf6ed2a68f28a17e7a9b201493074a,vendors/scrolloverflow.js,2105
fullPage.js,e5237bf3e4bf6ed2a68f28a17e7a9b201493074a,vendors/scrolloverflow.min.js,15
fullPage.js,e5237bf3e4bf6ed2a68f28a17e7a9b201493074a,vendors/easings.js,169
fullPage.js,e5237bf3e4bf6ed2a68f28a17e7a9b201493074a,vendors/easings.min.js,2
fullPage.js,e5237bf3e4bf6ed2a68f28a17e7a9b201493074a,dist/fullpage.js,3353
fullPage.js,e5237bf3e4bf6ed2a68f28a17e7a9b201493074a,dist/fullpage.min.js,12
fullPage.js,e5237bf3e4bf6ed2a68f28a17e7a9b201493074a,dist/fullpage.extensions.min.js,8
fullPage.js,e5237bf3e4bf6ed2a68f28a17e7a9b201493074a,examples/examples.js,4
fullPage.js,e5237bf3e4bf6ed2a68f28a17e7a9b201493074a,examples/module_loaders/browserify-example/dist/main.js,3279
fullPage.js,e5237bf3e4bf6ed2a68f28a17e7a9b201493074a,examples/module_loaders/browserify-example/src/index.js,17
fullPage.js,e5237bf3e4bf6ed2a68f28a17e7a9b201493074a,examples/module_loaders/requirejs-example/src/main.js,30
fullPage.js,e5237bf3e4bf6ed2a68f28a17e7a9b201493074a,examples/module_loaders/requirejs-example/src/require.config.js,14
fullPage.js,e5237bf3e4bf6ed2a68f28a17e7a9b201493074a,examples/module_loaders/webpack-example/webpack.config.js,11
fullPage.js,e5237bf3e4bf6ed2a68f28a17e7a9b201493074a,examples/module_loaders/webpack-example/dist/main.js,23
fullPage.js,e5237bf3e4bf6ed2a68f28a17e7a9b201493074a,examples/module_loaders/webpack-example/src/index.js,18
fullPage.js,e5237bf3e4bf6ed2a68f28a17e7a9b201493074a,src/fullpage.js,3353
fullPage.js,8bed990477d0d18366dc0a887cf3abd511cdab89,gulpfile.js,63
fullPage.js,8bed990477d0d18366dc0a887cf3abd511cdab89,vendors/scrolloverflow.js,2106
fullPage.js,8bed990477d0d18366dc0a887cf3abd511cdab89,vendors/scrolloverflow.min.js,15
fullPage.js,8bed990477d0d18366dc0a887cf3abd511cdab89,vendors/easings.js,169
fullPage.js,8bed990477d0d18366dc0a887cf3abd511cdab89,vendors/easings.min.js,2
fullPage.js,8bed990477d0d18366dc0a887cf3abd511cdab89,dist/fullpage.js,3396
fullPage.js,8bed990477d0d18366dc0a887cf3abd511cdab89,dist/fullpage.min.js,12
fullPage.js,8bed990477d0d18366dc0a887cf3abd511cdab89,dist/fullpage.extensions.min.js,8
fullPage.js,8bed990477d0d18366dc0a887cf3abd511cdab89,examples/examples.js,4
fullPage.js,8bed990477d0d18366dc0a887cf3abd511cdab89,examples/module_loaders/browserify-example/dist/main.js,3279
fullPage.js,8bed990477d0d18366dc0a887cf3abd511cdab89,examples/module_loaders/browserify-example/src/index.js,17
fullPage.js,8bed990477d0d18366dc0a887cf3abd511cdab89,examples/module_loaders/requirejs-example/src/main.js,30
fullPage.js,8bed990477d0d18366dc0a887cf3abd511cdab89,examples/module_loaders/requirejs-example/src/require.config.js,14
fullPage.js,8bed990477d0d18366dc0a887cf3abd511cdab89,examples/module_loaders/webpack-example/webpack.config.js,11
fullPage.js,8bed990477d0d18366dc0a887cf3abd511cdab89,examples/module_loaders/webpack-example/dist/main.js,23
fullPage.js,8bed990477d0d18366dc0a887cf3abd511cdab89,examples/module_loaders/webpack-example/src/index.js,18
fullPage.js,8bed990477d0d18366dc0a887cf3abd511cdab89,src/fullpage.js,3396
fullPage.js,54a56240ef4bbc60cda8caad240c73070a2cc89b,gulpfile.js,63
fullPage.js,54a56240ef4bbc60cda8caad240c73070a2cc89b,vendors/scrolloverflow.js,2116
fullPage.js,54a56240ef4bbc60cda8caad240c73070a2cc89b,vendors/scrolloverflow.min.js,15
fullPage.js,54a56240ef4bbc60cda8caad240c73070a2cc89b,vendors/easings.js,169
fullPage.js,54a56240ef4bbc60cda8caad240c73070a2cc89b,vendors/easings.min.js,2
fullPage.js,54a56240ef4bbc60cda8caad240c73070a2cc89b,dist/fullpage.js,3539
fullPage.js,54a56240ef4bbc60cda8caad240c73070a2cc89b,dist/fullpage.min.js,12
fullPage.js,54a56240ef4bbc60cda8caad240c73070a2cc89b,dist/fullpage.extensions.min.js,8
fullPage.js,54a56240ef4bbc60cda8caad240c73070a2cc89b,examples/examples.js,4
fullPage.js,54a56240ef4bbc60cda8caad240c73070a2cc89b,examples/module_loaders/browserify-example/dist/main.js,3279
fullPage.js,54a56240ef4bbc60cda8caad240c73070a2cc89b,examples/module_loaders/browserify-example/src/index.js,17
fullPage.js,54a56240ef4bbc60cda8caad240c73070a2cc89b,examples/module_loaders/requirejs-example/src/main.js,30
fullPage.js,54a56240ef4bbc60cda8caad240c73070a2cc89b,examples/module_loaders/requirejs-example/src/require.config.js,14
fullPage.js,54a56240ef4bbc60cda8caad240c73070a2cc89b,examples/module_loaders/webpack-example/webpack.config.js,11
fullPage.js,54a56240ef4bbc60cda8caad240c73070a2cc89b,examples/module_loaders/webpack-example/dist/main.js,23
fullPage.js,54a56240ef4bbc60cda8caad240c73070a2cc89b,examples/module_loaders/webpack-example/src/index.js,18
fullPage.js,54a56240ef4bbc60cda8caad240c73070a2cc89b,src/fullpage.js,3540
fullPage.js,fe7ff787379754c372c4678acec841e0f95ed3b1,gulpfile.js,63
fullPage.js,fe7ff787379754c372c4678acec841e0f95ed3b1,vendors/scrolloverflow.js,2118
fullPage.js,fe7ff787379754c372c4678acec841e0f95ed3b1,vendors/scrolloverflow.min.js,15
fullPage.js,fe7ff787379754c372c4678acec841e0f95ed3b1,vendors/easings.js,169
fullPage.js,fe7ff787379754c372c4678acec841e0f95ed3b1,vendors/easings.min.js,2
fullPage.js,fe7ff787379754c372c4678acec841e0f95ed3b1,dist/fullpage.js,3540
fullPage.js,fe7ff787379754c372c4678acec841e0f95ed3b1,dist/fullpage.min.js,12
fullPage.js,fe7ff787379754c372c4678acec841e0f95ed3b1,dist/fullpage.extensions.min.js,8
fullPage.js,fe7ff787379754c372c4678acec841e0f95ed3b1,examples/examples.js,4
fullPage.js,fe7ff787379754c372c4678acec841e0f95ed3b1,examples/module_loaders/browserify-example/dist/main.js,3279
fullPage.js,fe7ff787379754c372c4678acec841e0f95ed3b1,examples/module_loaders/browserify-example/src/index.js,17
fullPage.js,fe7ff787379754c372c4678acec841e0f95ed3b1,examples/module_loaders/requirejs-example/src/main.js,30
fullPage.js,fe7ff787379754c372c4678acec841e0f95ed3b1,examples/module_loaders/requirejs-example/src/require.config.js,14
fullPage.js,fe7ff787379754c372c4678acec841e0f95ed3b1,examples/module_loaders/webpack-example/webpack.config.js,11
fullPage.js,fe7ff787379754c372c4678acec841e0f95ed3b1,examples/module_loaders/webpack-example/dist/main.js,23
fullPage.js,fe7ff787379754c372c4678acec841e0f95ed3b1,examples/module_loaders/webpack-example/src/index.js,18
fullPage.js,fe7ff787379754c372c4678acec841e0f95ed3b1,src/fullpage.js,3540
fullPage.js,ca7c4321daa4b2a0c3c3f44946e9ad6ab39dbe10,gulpfile.js,66
fullPage.js,ca7c4321daa4b2a0c3c3f44946e9ad6ab39dbe10,vendors/scrolloverflow.js,2135
fullPage.js,ca7c4321daa4b2a0c3c3f44946e9ad6ab39dbe10,vendors/scrolloverflow.min.js,15
fullPage.js,ca7c4321daa4b2a0c3c3f44946e9ad6ab39dbe10,vendors/easings.js,169
fullPage.js,ca7c4321daa4b2a0c3c3f44946e9ad6ab39dbe10,vendors/easings.min.js,2
fullPage.js,ca7c4321daa4b2a0c3c3f44946e9ad6ab39dbe10,dist/fullpage.js,3551
fullPage.js,ca7c4321daa4b2a0c3c3f44946e9ad6ab39dbe10,dist/fullpage.min.js,12
fullPage.js,ca7c4321daa4b2a0c3c3f44946e9ad6ab39dbe10,dist/fullpage.extensions.min.js,8
fullPage.js,ca7c4321daa4b2a0c3c3f44946e9ad6ab39dbe10,examples/examples.js,4
fullPage.js,ca7c4321daa4b2a0c3c3f44946e9ad6ab39dbe10,examples/module_loaders/browserify-example/dist/main.js,3279
fullPage.js,ca7c4321daa4b2a0c3c3f44946e9ad6ab39dbe10,examples/module_loaders/browserify-example/src/index.js,17
fullPage.js,ca7c4321daa4b2a0c3c3f44946e9ad6ab39dbe10,examples/module_loaders/requirejs-example/src/main.js,30
fullPage.js,ca7c4321daa4b2a0c3c3f44946e9ad6ab39dbe10,examples/module_loaders/requirejs-example/src/require.config.js,14
fullPage.js,ca7c4321daa4b2a0c3c3f44946e9ad6ab39dbe10,examples/module_loaders/webpack-example/webpack.config.js,11
fullPage.js,ca7c4321daa4b2a0c3c3f44946e9ad6ab39dbe10,examples/module_loaders/webpack-example/dist/main.js,23
fullPage.js,ca7c4321daa4b2a0c3c3f44946e9ad6ab39dbe10,examples/module_loaders/webpack-example/src/index.js,18
fullPage.js,ca7c4321daa4b2a0c3c3f44946e9ad6ab39dbe10,src/fullpage.js,3551
fullPage.js,ed9979ec5a5edcf8a8f303018e386abb19e3164a,gulpfile.js,66
fullPage.js,ed9979ec5a5edcf8a8f303018e386abb19e3164a,vendors/scrolloverflow.js,2138
fullPage.js,ed9979ec5a5edcf8a8f303018e386abb19e3164a,vendors/scrolloverflow.min.js,15
fullPage.js,ed9979ec5a5edcf8a8f303018e386abb19e3164a,vendors/easings.js,169
fullPage.js,ed9979ec5a5edcf8a8f303018e386abb19e3164a,vendors/easings.min.js,2
fullPage.js,ed9979ec5a5edcf8a8f303018e386abb19e3164a,dist/fullpage.js,3578
fullPage.js,ed9979ec5a5edcf8a8f303018e386abb19e3164a,dist/fullpage.min.js,12
fullPage.js,ed9979ec5a5edcf8a8f303018e386abb19e3164a,dist/fullpage.extensions.min.js,8
fullPage.js,ed9979ec5a5edcf8a8f303018e386abb19e3164a,examples/examples.js,4
fullPage.js,ed9979ec5a5edcf8a8f303018e386abb19e3164a,examples/module_loaders/browserify-example/dist/main.js,3279
fullPage.js,ed9979ec5a5edcf8a8f303018e386abb19e3164a,examples/module_loaders/browserify-example/src/index.js,17
fullPage.js,ed9979ec5a5edcf8a8f303018e386abb19e3164a,examples/module_loaders/requirejs-example/src/main.js,30
fullPage.js,ed9979ec5a5edcf8a8f303018e386abb19e3164a,examples/module_loaders/requirejs-example/src/require.config.js,14
fullPage.js,ed9979ec5a5edcf8a8f303018e386abb19e3164a,examples/module_loaders/webpack-example/webpack.config.js,11
fullPage.js,ed9979ec5a5edcf8a8f303018e386abb19e3164a,examples/module_loaders/webpack-example/dist/main.js,23
fullPage.js,ed9979ec5a5edcf8a8f303018e386abb19e3164a,examples/module_loaders/webpack-example/src/index.js,18
fullPage.js,ed9979ec5a5edcf8a8f303018e386abb19e3164a,src/fullpage.js,3578
fullPage.js,4058bc3d56082a4f0683fb22bd46e5c21f991c5d,gulpfile.js,87
fullPage.js,4058bc3d56082a4f0683fb22bd46e5c21f991c5d,vendors/scrolloverflow.js,2138
fullPage.js,4058bc3d56082a4f0683fb22bd46e5c21f991c5d,vendors/scrolloverflow.min.js,15
fullPage.js,4058bc3d56082a4f0683fb22bd46e5c21f991c5d,vendors/easings.js,169
fullPage.js,4058bc3d56082a4f0683fb22bd46e5c21f991c5d,vendors/easings.min.js,2
fullPage.js,4058bc3d56082a4f0683fb22bd46e5c21f991c5d,dist/fullpage.js,3579
fullPage.js,4058bc3d56082a4f0683fb22bd46e5c21f991c5d,dist/fullpage.min.js,12
fullPage.js,4058bc3d56082a4f0683fb22bd46e5c21f991c5d,dist/fullpage.extensions.min.js,8
fullPage.js,4058bc3d56082a4f0683fb22bd46e5c21f991c5d,examples/examples.js,4
fullPage.js,4058bc3d56082a4f0683fb22bd46e5c21f991c5d,examples/module_loaders/browserify-example/dist/main.js,3279
fullPage.js,4058bc3d56082a4f0683fb22bd46e5c21f991c5d,examples/module_loaders/browserify-example/src/index.js,17
fullPage.js,4058bc3d56082a4f0683fb22bd46e5c21f991c5d,examples/module_loaders/requirejs-example/src/main.js,30
fullPage.js,4058bc3d56082a4f0683fb22bd46e5c21f991c5d,examples/module_loaders/requirejs-example/src/require.config.js,14
fullPage.js,4058bc3d56082a4f0683fb22bd46e5c21f991c5d,examples/module_loaders/webpack-example/webpack.config.js,11
fullPage.js,4058bc3d56082a4f0683fb22bd46e5c21f991c5d,examples/module_loaders/webpack-example/dist/main.js,23
fullPage.js,4058bc3d56082a4f0683fb22bd46e5c21f991c5d,examples/module_loaders/webpack-example/src/index.js,18
fullPage.js,4058bc3d56082a4f0683fb22bd46e5c21f991c5d,src/fullpage.js,3579
fullPage.js,91ad8db86fd6ddb0c32af3d3e5800070794f66ba,gulpfile.js,87
fullPage.js,91ad8db86fd6ddb0c32af3d3e5800070794f66ba,vendors/scrolloverflow.js,2138
fullPage.js,91ad8db86fd6ddb0c32af3d3e5800070794f66ba,vendors/scrolloverflow.min.js,15
fullPage.js,91ad8db86fd6ddb0c32af3d3e5800070794f66ba,vendors/easings.js,169
fullPage.js,91ad8db86fd6ddb0c32af3d3e5800070794f66ba,vendors/easings.min.js,2
fullPage.js,91ad8db86fd6ddb0c32af3d3e5800070794f66ba,dist/fullpage.js,3580
fullPage.js,91ad8db86fd6ddb0c32af3d3e5800070794f66ba,dist/fullpage.min.js,12
fullPage.js,91ad8db86fd6ddb0c32af3d3e5800070794f66ba,dist/fullpage.extensions.min.js,8
fullPage.js,91ad8db86fd6ddb0c32af3d3e5800070794f66ba,examples/examples.js,4
fullPage.js,91ad8db86fd6ddb0c32af3d3e5800070794f66ba,examples/module_loaders/browserify-example/dist/main.js,3279
fullPage.js,91ad8db86fd6ddb0c32af3d3e5800070794f66ba,examples/module_loaders/browserify-example/src/index.js,17
fullPage.js,91ad8db86fd6ddb0c32af3d3e5800070794f66ba,examples/module_loaders/requirejs-example/src/main.js,30
fullPage.js,91ad8db86fd6ddb0c32af3d3e5800070794f66ba,examples/module_loaders/requirejs-example/src/require.config.js,14
fullPage.js,91ad8db86fd6ddb0c32af3d3e5800070794f66ba,examples/module_loaders/webpack-example/webpack.config.js,11
fullPage.js,91ad8db86fd6ddb0c32af3d3e5800070794f66ba,examples/module_loaders/webpack-example/dist/main.js,23
fullPage.js,91ad8db86fd6ddb0c32af3d3e5800070794f66ba,examples/module_loaders/webpack-example/src/index.js,18
fullPage.js,91ad8db86fd6ddb0c32af3d3e5800070794f66ba,src/fullpage.js,3580
fullPage.js,cc20f6cb46dd1fdc84599ad82aff5b0412970915,gulpfile.js,87
fullPage.js,cc20f6cb46dd1fdc84599ad82aff5b0412970915,vendors/scrolloverflow.js,2138
fullPage.js,cc20f6cb46dd1fdc84599ad82aff5b0412970915,vendors/scrolloverflow.min.js,15
fullPage.js,cc20f6cb46dd1fdc84599ad82aff5b0412970915,vendors/easings.js,169
fullPage.js,cc20f6cb46dd1fdc84599ad82aff5b0412970915,vendors/easings.min.js,2
fullPage.js,cc20f6cb46dd1fdc84599ad82aff5b0412970915,dist/fullpage.js,3582
fullPage.js,cc20f6cb46dd1fdc84599ad82aff5b0412970915,dist/fullpage.min.js,12
fullPage.js,cc20f6cb46dd1fdc84599ad82aff5b0412970915,dist/fullpage.extensions.min.js,8
fullPage.js,cc20f6cb46dd1fdc84599ad82aff5b0412970915,examples/examples.js,4
fullPage.js,cc20f6cb46dd1fdc84599ad82aff5b0412970915,examples/module_loaders/browserify-example/dist/main.js,3279
fullPage.js,cc20f6cb46dd1fdc84599ad82aff5b0412970915,examples/module_loaders/browserify-example/src/index.js,17
fullPage.js,cc20f6cb46dd1fdc84599ad82aff5b0412970915,examples/module_loaders/requirejs-example/src/main.js,30
fullPage.js,cc20f6cb46dd1fdc84599ad82aff5b0412970915,examples/module_loaders/requirejs-example/src/require.config.js,14
fullPage.js,cc20f6cb46dd1fdc84599ad82aff5b0412970915,examples/module_loaders/webpack-example/webpack.config.js,11
fullPage.js,cc20f6cb46dd1fdc84599ad82aff5b0412970915,examples/module_loaders/webpack-example/dist/main.js,23
fullPage.js,cc20f6cb46dd1fdc84599ad82aff5b0412970915,examples/module_loaders/webpack-example/src/index.js,18
fullPage.js,cc20f6cb46dd1fdc84599ad82aff5b0412970915,src/fullpage.js,3582
