project,commit_hash,file_name
hyper,7eacb073f73863e3a5641c65920e8281b0d794c0,webpack.config.ts
hyper,7eacb073f73863e3a5641c65920e8281b0d794c0,app/auto-updater-linux.ts
hyper,7eacb073f73863e3a5641c65920e8281b0d794c0,app/commands.ts
hyper,7eacb073f73863e3a5641c65920e8281b0d794c0,app/config.ts
hyper,7eacb073f73863e3a5641c65920e8281b0d794c0,app/ext-modules.d.ts
hyper,7eacb073f73863e3a5641c65920e8281b0d794c0,app/extend-electron.d.ts
hyper,7eacb073f73863e3a5641c65920e8281b0d794c0,app/index.d.ts
hyper,7eacb073f73863e3a5641c65920e8281b0d794c0,app/index.ts
hyper,7eacb073f73863e3a5641c65920e8281b0d794c0,app/notifications.ts
hyper,7eacb073f73863e3a5641c65920e8281b0d794c0,app/notify.ts
hyper,7eacb073f73863e3a5641c65920e8281b0d794c0,app/plugins.ts
hyper,7eacb073f73863e3a5641c65920e8281b0d794c0,app/rpc.ts
hyper,7eacb073f73863e3a5641c65920e8281b0d794c0,app/session.ts
hyper,7eacb073f73863e3a5641c65920e8281b0d794c0,app/updater.ts
hyper,7eacb073f73863e3a5641c65920e8281b0d794c0,app/config/import.ts
hyper,7eacb073f73863e3a5641c65920e8281b0d794c0,app/config/init.ts
hyper,7eacb073f73863e3a5641c65920e8281b0d794c0,app/config/open.ts
hyper,7eacb073f73863e3a5641c65920e8281b0d794c0,app/config/paths.ts
hyper,7eacb073f73863e3a5641c65920e8281b0d794c0,app/config/windows.ts
hyper,7eacb073f73863e3a5641c65920e8281b0d794c0,app/menus/menu.ts
hyper,7eacb073f73863e3a5641c65920e8281b0d794c0,app/menus/menus/darwin.ts
hyper,7eacb073f73863e3a5641c65920e8281b0d794c0,app/menus/menus/edit.ts
hyper,7eacb073f73863e3a5641c65920e8281b0d794c0,app/menus/menus/help.ts
hyper,7eacb073f73863e3a5641c65920e8281b0d794c0,app/menus/menus/shell.ts
hyper,7eacb073f73863e3a5641c65920e8281b0d794c0,app/menus/menus/tools.ts
hyper,7eacb073f73863e3a5641c65920e8281b0d794c0,app/menus/menus/view.ts
hyper,7eacb073f73863e3a5641c65920e8281b0d794c0,app/menus/menus/window.ts
hyper,7eacb073f73863e3a5641c65920e8281b0d794c0,app/plugins/extensions.ts
hyper,7eacb073f73863e3a5641c65920e8281b0d794c0,app/plugins/install.ts
hyper,7eacb073f73863e3a5641c65920e8281b0d794c0,app/ui/contextmenu.ts
hyper,7eacb073f73863e3a5641c65920e8281b0d794c0,app/ui/window.ts
hyper,7eacb073f73863e3a5641c65920e8281b0d794c0,app/utils/cli-install.ts
hyper,7eacb073f73863e3a5641c65920e8281b0d794c0,app/utils/colors.ts
hyper,7eacb073f73863e3a5641c65920e8281b0d794c0,app/utils/map-keys.ts
hyper,7eacb073f73863e3a5641c65920e8281b0d794c0,app/utils/renderer-utils.ts
hyper,7eacb073f73863e3a5641c65920e8281b0d794c0,app/utils/system-context-menu.ts
hyper,7eacb073f73863e3a5641c65920e8281b0d794c0,app/utils/to-electron-background-color.ts
hyper,7eacb073f73863e3a5641c65920e8281b0d794c0,app/utils/window-utils.ts
hyper,7eacb073f73863e3a5641c65920e8281b0d794c0,cli/api.ts
hyper,7eacb073f73863e3a5641c65920e8281b0d794c0,cli/index.ts
hyper,7eacb073f73863e3a5641c65920e8281b0d794c0,lib/command-registry.ts
hyper,7eacb073f73863e3a5641c65920e8281b0d794c0,lib/config.d.ts
hyper,7eacb073f73863e3a5641c65920e8281b0d794c0,lib/ext-modules.d.ts
hyper,7eacb073f73863e3a5641c65920e8281b0d794c0,lib/hyper.d.ts
hyper,7eacb073f73863e3a5641c65920e8281b0d794c0,lib/index.tsx
hyper,7eacb073f73863e3a5641c65920e8281b0d794c0,lib/rpc.ts
hyper,7eacb073f73863e3a5641c65920e8281b0d794c0,lib/selectors.ts
hyper,7eacb073f73863e3a5641c65920e8281b0d794c0,lib/terms.ts
hyper,7eacb073f73863e3a5641c65920e8281b0d794c0,lib/actions/config.ts
hyper,7eacb073f73863e3a5641c65920e8281b0d794c0,lib/actions/header.ts
hyper,7eacb073f73863e3a5641c65920e8281b0d794c0,lib/actions/index.ts
hyper,7eacb073f73863e3a5641c65920e8281b0d794c0,lib/actions/notifications.ts
hyper,7eacb073f73863e3a5641c65920e8281b0d794c0,lib/actions/sessions.ts
hyper,7eacb073f73863e3a5641c65920e8281b0d794c0,lib/actions/term-groups.ts
hyper,7eacb073f73863e3a5641c65920e8281b0d794c0,lib/actions/ui.ts
hyper,7eacb073f73863e3a5641c65920e8281b0d794c0,lib/actions/updater.ts
hyper,7eacb073f73863e3a5641c65920e8281b0d794c0,lib/components/header.tsx
hyper,7eacb073f73863e3a5641c65920e8281b0d794c0,lib/components/notification.tsx
hyper,7eacb073f73863e3a5641c65920e8281b0d794c0,lib/components/notifications.tsx
hyper,7eacb073f73863e3a5641c65920e8281b0d794c0,lib/components/searchBox.tsx
hyper,7eacb073f73863e3a5641c65920e8281b0d794c0,lib/components/split-pane.tsx
hyper,7eacb073f73863e3a5641c65920e8281b0d794c0,lib/components/style-sheet.tsx
hyper,7eacb073f73863e3a5641c65920e8281b0d794c0,lib/components/tab.tsx
hyper,7eacb073f73863e3a5641c65920e8281b0d794c0,lib/components/tabs.tsx
hyper,7eacb073f73863e3a5641c65920e8281b0d794c0,lib/components/term-group.tsx
hyper,7eacb073f73863e3a5641c65920e8281b0d794c0,lib/components/term.tsx
hyper,7eacb073f73863e3a5641c65920e8281b0d794c0,lib/components/terms.tsx
hyper,7eacb073f73863e3a5641c65920e8281b0d794c0,lib/constants/config.ts
hyper,7eacb073f73863e3a5641c65920e8281b0d794c0,lib/constants/index.ts
hyper,7eacb073f73863e3a5641c65920e8281b0d794c0,lib/constants/notifications.ts
hyper,7eacb073f73863e3a5641c65920e8281b0d794c0,lib/constants/sessions.ts
hyper,7eacb073f73863e3a5641c65920e8281b0d794c0,lib/constants/tabs.ts
hyper,7eacb073f73863e3a5641c65920e8281b0d794c0,lib/constants/term-groups.ts
hyper,7eacb073f73863e3a5641c65920e8281b0d794c0,lib/constants/ui.ts
hyper,7eacb073f73863e3a5641c65920e8281b0d794c0,lib/constants/updater.ts
hyper,7eacb073f73863e3a5641c65920e8281b0d794c0,lib/containers/header.ts
hyper,7eacb073f73863e3a5641c65920e8281b0d794c0,lib/containers/hyper.tsx
hyper,7eacb073f73863e3a5641c65920e8281b0d794c0,lib/containers/notifications.ts
hyper,7eacb073f73863e3a5641c65920e8281b0d794c0,lib/containers/terms.ts
hyper,7eacb073f73863e3a5641c65920e8281b0d794c0,lib/reducers/index.ts
hyper,7eacb073f73863e3a5641c65920e8281b0d794c0,lib/reducers/sessions.ts
hyper,7eacb073f73863e3a5641c65920e8281b0d794c0,lib/reducers/term-groups.ts
hyper,7eacb073f73863e3a5641c65920e8281b0d794c0,lib/reducers/ui.ts
hyper,7eacb073f73863e3a5641c65920e8281b0d794c0,lib/store/configure-store.dev.ts
hyper,7eacb073f73863e3a5641c65920e8281b0d794c0,lib/store/configure-store.prod.ts
hyper,7eacb073f73863e3a5641c65920e8281b0d794c0,lib/store/configure-store.ts
hyper,7eacb073f73863e3a5641c65920e8281b0d794c0,lib/store/write-middleware.ts
hyper,7eacb073f73863e3a5641c65920e8281b0d794c0,lib/utils/config.ts
hyper,7eacb073f73863e3a5641c65920e8281b0d794c0,lib/utils/effects.ts
hyper,7eacb073f73863e3a5641c65920e8281b0d794c0,lib/utils/file.ts
hyper,7eacb073f73863e3a5641c65920e8281b0d794c0,lib/utils/notify.ts
hyper,7eacb073f73863e3a5641c65920e8281b0d794c0,lib/utils/object.ts
hyper,7eacb073f73863e3a5641c65920e8281b0d794c0,lib/utils/paste.ts
hyper,7eacb073f73863e3a5641c65920e8281b0d794c0,lib/utils/plugins.ts
hyper,7eacb073f73863e3a5641c65920e8281b0d794c0,lib/utils/rpc.ts
hyper,7eacb073f73863e3a5641c65920e8281b0d794c0,lib/utils/term-groups.ts
hyper,1e64e72797f2fa9984dc29c538dbe1e6ae675f9b,webpack.config.ts
hyper,1e64e72797f2fa9984dc29c538dbe1e6ae675f9b,app/auto-updater-linux.ts
hyper,1e64e72797f2fa9984dc29c538dbe1e6ae675f9b,app/commands.ts
hyper,1e64e72797f2fa9984dc29c538dbe1e6ae675f9b,app/config.ts
hyper,1e64e72797f2fa9984dc29c538dbe1e6ae675f9b,app/ext-modules.d.ts
hyper,1e64e72797f2fa9984dc29c538dbe1e6ae675f9b,app/extend-electron.d.ts
hyper,1e64e72797f2fa9984dc29c538dbe1e6ae675f9b,app/index.d.ts
hyper,1e64e72797f2fa9984dc29c538dbe1e6ae675f9b,app/index.ts
hyper,1e64e72797f2fa9984dc29c538dbe1e6ae675f9b,app/notifications.ts
hyper,1e64e72797f2fa9984dc29c538dbe1e6ae675f9b,app/notify.ts
hyper,1e64e72797f2fa9984dc29c538dbe1e6ae675f9b,app/plugins.ts
hyper,1e64e72797f2fa9984dc29c538dbe1e6ae675f9b,app/rpc.ts
hyper,1e64e72797f2fa9984dc29c538dbe1e6ae675f9b,app/session.ts
hyper,1e64e72797f2fa9984dc29c538dbe1e6ae675f9b,app/updater.ts
hyper,1e64e72797f2fa9984dc29c538dbe1e6ae675f9b,app/config/import.ts
hyper,1e64e72797f2fa9984dc29c538dbe1e6ae675f9b,app/config/init.ts
hyper,1e64e72797f2fa9984dc29c538dbe1e6ae675f9b,app/config/open.ts
hyper,1e64e72797f2fa9984dc29c538dbe1e6ae675f9b,app/config/paths.ts
hyper,1e64e72797f2fa9984dc29c538dbe1e6ae675f9b,app/config/windows.ts
hyper,1e64e72797f2fa9984dc29c538dbe1e6ae675f9b,app/menus/menu.ts
hyper,1e64e72797f2fa9984dc29c538dbe1e6ae675f9b,app/menus/menus/darwin.ts
hyper,1e64e72797f2fa9984dc29c538dbe1e6ae675f9b,app/menus/menus/edit.ts
hyper,1e64e72797f2fa9984dc29c538dbe1e6ae675f9b,app/menus/menus/help.ts
hyper,1e64e72797f2fa9984dc29c538dbe1e6ae675f9b,app/menus/menus/shell.ts
hyper,1e64e72797f2fa9984dc29c538dbe1e6ae675f9b,app/menus/menus/tools.ts
hyper,1e64e72797f2fa9984dc29c538dbe1e6ae675f9b,app/menus/menus/view.ts
hyper,1e64e72797f2fa9984dc29c538dbe1e6ae675f9b,app/menus/menus/window.ts
hyper,1e64e72797f2fa9984dc29c538dbe1e6ae675f9b,app/plugins/extensions.ts
hyper,1e64e72797f2fa9984dc29c538dbe1e6ae675f9b,app/plugins/install.ts
hyper,1e64e72797f2fa9984dc29c538dbe1e6ae675f9b,app/ui/contextmenu.ts
hyper,1e64e72797f2fa9984dc29c538dbe1e6ae675f9b,app/ui/window.ts
hyper,1e64e72797f2fa9984dc29c538dbe1e6ae675f9b,app/utils/cli-install.ts
hyper,1e64e72797f2fa9984dc29c538dbe1e6ae675f9b,app/utils/colors.ts
hyper,1e64e72797f2fa9984dc29c538dbe1e6ae675f9b,app/utils/map-keys.ts
hyper,1e64e72797f2fa9984dc29c538dbe1e6ae675f9b,app/utils/renderer-utils.ts
hyper,1e64e72797f2fa9984dc29c538dbe1e6ae675f9b,app/utils/system-context-menu.ts
hyper,1e64e72797f2fa9984dc29c538dbe1e6ae675f9b,app/utils/to-electron-background-color.ts
hyper,1e64e72797f2fa9984dc29c538dbe1e6ae675f9b,app/utils/window-utils.ts
hyper,1e64e72797f2fa9984dc29c538dbe1e6ae675f9b,cli/api.ts
hyper,1e64e72797f2fa9984dc29c538dbe1e6ae675f9b,cli/index.ts
hyper,1e64e72797f2fa9984dc29c538dbe1e6ae675f9b,lib/command-registry.ts
hyper,1e64e72797f2fa9984dc29c538dbe1e6ae675f9b,lib/config.d.ts
hyper,1e64e72797f2fa9984dc29c538dbe1e6ae675f9b,lib/ext-modules.d.ts
hyper,1e64e72797f2fa9984dc29c538dbe1e6ae675f9b,lib/hyper.d.ts
hyper,1e64e72797f2fa9984dc29c538dbe1e6ae675f9b,lib/index.tsx
hyper,1e64e72797f2fa9984dc29c538dbe1e6ae675f9b,lib/rpc.ts
hyper,1e64e72797f2fa9984dc29c538dbe1e6ae675f9b,lib/selectors.ts
hyper,1e64e72797f2fa9984dc29c538dbe1e6ae675f9b,lib/terms.ts
hyper,1e64e72797f2fa9984dc29c538dbe1e6ae675f9b,lib/actions/config.ts
hyper,1e64e72797f2fa9984dc29c538dbe1e6ae675f9b,lib/actions/header.ts
hyper,1e64e72797f2fa9984dc29c538dbe1e6ae675f9b,lib/actions/index.ts
hyper,1e64e72797f2fa9984dc29c538dbe1e6ae675f9b,lib/actions/notifications.ts
hyper,1e64e72797f2fa9984dc29c538dbe1e6ae675f9b,lib/actions/sessions.ts
hyper,1e64e72797f2fa9984dc29c538dbe1e6ae675f9b,lib/actions/term-groups.ts
hyper,1e64e72797f2fa9984dc29c538dbe1e6ae675f9b,lib/actions/ui.ts
hyper,1e64e72797f2fa9984dc29c538dbe1e6ae675f9b,lib/actions/updater.ts
hyper,1e64e72797f2fa9984dc29c538dbe1e6ae675f9b,lib/components/header.tsx
hyper,1e64e72797f2fa9984dc29c538dbe1e6ae675f9b,lib/components/notification.tsx
hyper,1e64e72797f2fa9984dc29c538dbe1e6ae675f9b,lib/components/notifications.tsx
hyper,1e64e72797f2fa9984dc29c538dbe1e6ae675f9b,lib/components/searchBox.tsx
hyper,1e64e72797f2fa9984dc29c538dbe1e6ae675f9b,lib/components/split-pane.tsx
hyper,1e64e72797f2fa9984dc29c538dbe1e6ae675f9b,lib/components/style-sheet.tsx
hyper,1e64e72797f2fa9984dc29c538dbe1e6ae675f9b,lib/components/tab.tsx
hyper,1e64e72797f2fa9984dc29c538dbe1e6ae675f9b,lib/components/tabs.tsx
hyper,1e64e72797f2fa9984dc29c538dbe1e6ae675f9b,lib/components/term-group.tsx
hyper,1e64e72797f2fa9984dc29c538dbe1e6ae675f9b,lib/components/term.tsx
hyper,1e64e72797f2fa9984dc29c538dbe1e6ae675f9b,lib/components/terms.tsx
hyper,1e64e72797f2fa9984dc29c538dbe1e6ae675f9b,lib/constants/config.ts
hyper,1e64e72797f2fa9984dc29c538dbe1e6ae675f9b,lib/constants/index.ts
hyper,1e64e72797f2fa9984dc29c538dbe1e6ae675f9b,lib/constants/notifications.ts
hyper,1e64e72797f2fa9984dc29c538dbe1e6ae675f9b,lib/constants/sessions.ts
hyper,1e64e72797f2fa9984dc29c538dbe1e6ae675f9b,lib/constants/tabs.ts
hyper,1e64e72797f2fa9984dc29c538dbe1e6ae675f9b,lib/constants/term-groups.ts
hyper,1e64e72797f2fa9984dc29c538dbe1e6ae675f9b,lib/constants/ui.ts
hyper,1e64e72797f2fa9984dc29c538dbe1e6ae675f9b,lib/constants/updater.ts
hyper,1e64e72797f2fa9984dc29c538dbe1e6ae675f9b,lib/containers/header.ts
hyper,1e64e72797f2fa9984dc29c538dbe1e6ae675f9b,lib/containers/hyper.tsx
hyper,1e64e72797f2fa9984dc29c538dbe1e6ae675f9b,lib/containers/notifications.ts
hyper,1e64e72797f2fa9984dc29c538dbe1e6ae675f9b,lib/containers/terms.ts
hyper,1e64e72797f2fa9984dc29c538dbe1e6ae675f9b,lib/reducers/index.ts
hyper,1e64e72797f2fa9984dc29c538dbe1e6ae675f9b,lib/reducers/sessions.ts
hyper,1e64e72797f2fa9984dc29c538dbe1e6ae675f9b,lib/reducers/term-groups.ts
hyper,1e64e72797f2fa9984dc29c538dbe1e6ae675f9b,lib/reducers/ui.ts
hyper,1e64e72797f2fa9984dc29c538dbe1e6ae675f9b,lib/store/configure-store.dev.ts
hyper,1e64e72797f2fa9984dc29c538dbe1e6ae675f9b,lib/store/configure-store.prod.ts
hyper,1e64e72797f2fa9984dc29c538dbe1e6ae675f9b,lib/store/configure-store.ts
hyper,1e64e72797f2fa9984dc29c538dbe1e6ae675f9b,lib/store/write-middleware.ts
hyper,1e64e72797f2fa9984dc29c538dbe1e6ae675f9b,lib/utils/config.ts
hyper,1e64e72797f2fa9984dc29c538dbe1e6ae675f9b,lib/utils/effects.ts
hyper,1e64e72797f2fa9984dc29c538dbe1e6ae675f9b,lib/utils/file.ts
hyper,1e64e72797f2fa9984dc29c538dbe1e6ae675f9b,lib/utils/notify.ts
hyper,1e64e72797f2fa9984dc29c538dbe1e6ae675f9b,lib/utils/object.ts
hyper,1e64e72797f2fa9984dc29c538dbe1e6ae675f9b,lib/utils/paste.ts
hyper,1e64e72797f2fa9984dc29c538dbe1e6ae675f9b,lib/utils/plugins.ts
hyper,1e64e72797f2fa9984dc29c538dbe1e6ae675f9b,lib/utils/rpc.ts
hyper,1e64e72797f2fa9984dc29c538dbe1e6ae675f9b,lib/utils/term-groups.ts
hyper,925fa39721b203e987e570f7de6ef5f7696922cc,webpack.config.ts
hyper,925fa39721b203e987e570f7de6ef5f7696922cc,app/auto-updater-linux.ts
hyper,925fa39721b203e987e570f7de6ef5f7696922cc,app/commands.ts
hyper,925fa39721b203e987e570f7de6ef5f7696922cc,app/config.ts
hyper,925fa39721b203e987e570f7de6ef5f7696922cc,app/ext-modules.d.ts
hyper,925fa39721b203e987e570f7de6ef5f7696922cc,app/extend-electron.d.ts
hyper,925fa39721b203e987e570f7de6ef5f7696922cc,app/index.d.ts
hyper,925fa39721b203e987e570f7de6ef5f7696922cc,app/index.ts
hyper,925fa39721b203e987e570f7de6ef5f7696922cc,app/notifications.ts
hyper,925fa39721b203e987e570f7de6ef5f7696922cc,app/notify.ts
hyper,925fa39721b203e987e570f7de6ef5f7696922cc,app/plugins.ts
hyper,925fa39721b203e987e570f7de6ef5f7696922cc,app/rpc.ts
hyper,925fa39721b203e987e570f7de6ef5f7696922cc,app/session.ts
hyper,925fa39721b203e987e570f7de6ef5f7696922cc,app/updater.ts
hyper,925fa39721b203e987e570f7de6ef5f7696922cc,app/config/import.ts
hyper,925fa39721b203e987e570f7de6ef5f7696922cc,app/config/init.ts
hyper,925fa39721b203e987e570f7de6ef5f7696922cc,app/config/open.ts
hyper,925fa39721b203e987e570f7de6ef5f7696922cc,app/config/paths.ts
hyper,925fa39721b203e987e570f7de6ef5f7696922cc,app/config/windows.ts
hyper,925fa39721b203e987e570f7de6ef5f7696922cc,app/menus/menu.ts
hyper,925fa39721b203e987e570f7de6ef5f7696922cc,app/menus/menus/darwin.ts
hyper,925fa39721b203e987e570f7de6ef5f7696922cc,app/menus/menus/edit.ts
hyper,925fa39721b203e987e570f7de6ef5f7696922cc,app/menus/menus/help.ts
hyper,925fa39721b203e987e570f7de6ef5f7696922cc,app/menus/menus/shell.ts
hyper,925fa39721b203e987e570f7de6ef5f7696922cc,app/menus/menus/tools.ts
hyper,925fa39721b203e987e570f7de6ef5f7696922cc,app/menus/menus/view.ts
hyper,925fa39721b203e987e570f7de6ef5f7696922cc,app/menus/menus/window.ts
hyper,925fa39721b203e987e570f7de6ef5f7696922cc,app/plugins/extensions.ts
hyper,925fa39721b203e987e570f7de6ef5f7696922cc,app/plugins/install.ts
hyper,925fa39721b203e987e570f7de6ef5f7696922cc,app/ui/contextmenu.ts
hyper,925fa39721b203e987e570f7de6ef5f7696922cc,app/ui/window.ts
hyper,925fa39721b203e987e570f7de6ef5f7696922cc,app/utils/cli-install.ts
hyper,925fa39721b203e987e570f7de6ef5f7696922cc,app/utils/colors.ts
hyper,925fa39721b203e987e570f7de6ef5f7696922cc,app/utils/map-keys.ts
hyper,925fa39721b203e987e570f7de6ef5f7696922cc,app/utils/renderer-utils.ts
hyper,925fa39721b203e987e570f7de6ef5f7696922cc,app/utils/system-context-menu.ts
hyper,925fa39721b203e987e570f7de6ef5f7696922cc,app/utils/to-electron-background-color.ts
hyper,925fa39721b203e987e570f7de6ef5f7696922cc,app/utils/window-utils.ts
hyper,925fa39721b203e987e570f7de6ef5f7696922cc,cli/api.ts
hyper,925fa39721b203e987e570f7de6ef5f7696922cc,cli/index.ts
hyper,925fa39721b203e987e570f7de6ef5f7696922cc,lib/command-registry.ts
hyper,925fa39721b203e987e570f7de6ef5f7696922cc,lib/config.d.ts
hyper,925fa39721b203e987e570f7de6ef5f7696922cc,lib/ext-modules.d.ts
hyper,925fa39721b203e987e570f7de6ef5f7696922cc,lib/hyper.d.ts
hyper,925fa39721b203e987e570f7de6ef5f7696922cc,lib/index.tsx
hyper,925fa39721b203e987e570f7de6ef5f7696922cc,lib/rpc.ts
hyper,925fa39721b203e987e570f7de6ef5f7696922cc,lib/selectors.ts
hyper,925fa39721b203e987e570f7de6ef5f7696922cc,lib/terms.ts
hyper,925fa39721b203e987e570f7de6ef5f7696922cc,lib/actions/config.ts
hyper,925fa39721b203e987e570f7de6ef5f7696922cc,lib/actions/header.ts
hyper,925fa39721b203e987e570f7de6ef5f7696922cc,lib/actions/index.ts
hyper,925fa39721b203e987e570f7de6ef5f7696922cc,lib/actions/notifications.ts
hyper,925fa39721b203e987e570f7de6ef5f7696922cc,lib/actions/sessions.ts
hyper,925fa39721b203e987e570f7de6ef5f7696922cc,lib/actions/term-groups.ts
hyper,925fa39721b203e987e570f7de6ef5f7696922cc,lib/actions/ui.ts
hyper,925fa39721b203e987e570f7de6ef5f7696922cc,lib/actions/updater.ts
hyper,925fa39721b203e987e570f7de6ef5f7696922cc,lib/components/header.tsx
hyper,925fa39721b203e987e570f7de6ef5f7696922cc,lib/components/notification.tsx
hyper,925fa39721b203e987e570f7de6ef5f7696922cc,lib/components/notifications.tsx
hyper,925fa39721b203e987e570f7de6ef5f7696922cc,lib/components/searchBox.tsx
hyper,925fa39721b203e987e570f7de6ef5f7696922cc,lib/components/split-pane.tsx
hyper,925fa39721b203e987e570f7de6ef5f7696922cc,lib/components/style-sheet.tsx
hyper,925fa39721b203e987e570f7de6ef5f7696922cc,lib/components/tab.tsx
hyper,925fa39721b203e987e570f7de6ef5f7696922cc,lib/components/tabs.tsx
hyper,925fa39721b203e987e570f7de6ef5f7696922cc,lib/components/term-group.tsx
hyper,925fa39721b203e987e570f7de6ef5f7696922cc,lib/components/term.tsx
hyper,925fa39721b203e987e570f7de6ef5f7696922cc,lib/components/terms.tsx
hyper,925fa39721b203e987e570f7de6ef5f7696922cc,lib/constants/config.ts
hyper,925fa39721b203e987e570f7de6ef5f7696922cc,lib/constants/index.ts
hyper,925fa39721b203e987e570f7de6ef5f7696922cc,lib/constants/notifications.ts
hyper,925fa39721b203e987e570f7de6ef5f7696922cc,lib/constants/sessions.ts
hyper,925fa39721b203e987e570f7de6ef5f7696922cc,lib/constants/tabs.ts
hyper,925fa39721b203e987e570f7de6ef5f7696922cc,lib/constants/term-groups.ts
hyper,925fa39721b203e987e570f7de6ef5f7696922cc,lib/constants/ui.ts
hyper,925fa39721b203e987e570f7de6ef5f7696922cc,lib/constants/updater.ts
hyper,925fa39721b203e987e570f7de6ef5f7696922cc,lib/containers/header.ts
hyper,925fa39721b203e987e570f7de6ef5f7696922cc,lib/containers/hyper.tsx
hyper,925fa39721b203e987e570f7de6ef5f7696922cc,lib/containers/notifications.ts
hyper,925fa39721b203e987e570f7de6ef5f7696922cc,lib/containers/terms.ts
hyper,925fa39721b203e987e570f7de6ef5f7696922cc,lib/reducers/index.ts
hyper,925fa39721b203e987e570f7de6ef5f7696922cc,lib/reducers/sessions.ts
hyper,925fa39721b203e987e570f7de6ef5f7696922cc,lib/reducers/term-groups.ts
hyper,925fa39721b203e987e570f7de6ef5f7696922cc,lib/reducers/ui.ts
hyper,925fa39721b203e987e570f7de6ef5f7696922cc,lib/store/configure-store.dev.ts
hyper,925fa39721b203e987e570f7de6ef5f7696922cc,lib/store/configure-store.prod.ts
hyper,925fa39721b203e987e570f7de6ef5f7696922cc,lib/store/configure-store.ts
hyper,925fa39721b203e987e570f7de6ef5f7696922cc,lib/store/write-middleware.ts
hyper,925fa39721b203e987e570f7de6ef5f7696922cc,lib/utils/config.ts
hyper,925fa39721b203e987e570f7de6ef5f7696922cc,lib/utils/effects.ts
hyper,925fa39721b203e987e570f7de6ef5f7696922cc,lib/utils/file.ts
hyper,925fa39721b203e987e570f7de6ef5f7696922cc,lib/utils/ipc-child-process.ts
hyper,925fa39721b203e987e570f7de6ef5f7696922cc,lib/utils/notify.ts
hyper,925fa39721b203e987e570f7de6ef5f7696922cc,lib/utils/object.ts
hyper,925fa39721b203e987e570f7de6ef5f7696922cc,lib/utils/paste.ts
hyper,925fa39721b203e987e570f7de6ef5f7696922cc,lib/utils/plugins.ts
hyper,925fa39721b203e987e570f7de6ef5f7696922cc,lib/utils/rpc.ts
hyper,925fa39721b203e987e570f7de6ef5f7696922cc,lib/utils/term-groups.ts
hyper,89e714ea6b61f1c47c01be329be8a61208febbb2,webpack.config.ts
hyper,89e714ea6b61f1c47c01be329be8a61208febbb2,app/auto-updater-linux.ts
hyper,89e714ea6b61f1c47c01be329be8a61208febbb2,app/commands.ts
hyper,89e714ea6b61f1c47c01be329be8a61208febbb2,app/config.ts
hyper,89e714ea6b61f1c47c01be329be8a61208febbb2,app/ext-modules.d.ts
hyper,89e714ea6b61f1c47c01be329be8a61208febbb2,app/extend-electron.d.ts
hyper,89e714ea6b61f1c47c01be329be8a61208febbb2,app/index.d.ts
hyper,89e714ea6b61f1c47c01be329be8a61208febbb2,app/index.ts
hyper,89e714ea6b61f1c47c01be329be8a61208febbb2,app/notifications.ts
hyper,89e714ea6b61f1c47c01be329be8a61208febbb2,app/notify.ts
hyper,89e714ea6b61f1c47c01be329be8a61208febbb2,app/plugins.ts
hyper,89e714ea6b61f1c47c01be329be8a61208febbb2,app/rpc.ts
hyper,89e714ea6b61f1c47c01be329be8a61208febbb2,app/session.ts
hyper,89e714ea6b61f1c47c01be329be8a61208febbb2,app/updater.ts
hyper,89e714ea6b61f1c47c01be329be8a61208febbb2,app/config/import.ts
hyper,89e714ea6b61f1c47c01be329be8a61208febbb2,app/config/init.ts
hyper,89e714ea6b61f1c47c01be329be8a61208febbb2,app/config/open.ts
hyper,89e714ea6b61f1c47c01be329be8a61208febbb2,app/config/paths.ts
hyper,89e714ea6b61f1c47c01be329be8a61208febbb2,app/config/windows.ts
hyper,89e714ea6b61f1c47c01be329be8a61208febbb2,app/menus/menu.ts
hyper,89e714ea6b61f1c47c01be329be8a61208febbb2,app/menus/menus/darwin.ts
hyper,89e714ea6b61f1c47c01be329be8a61208febbb2,app/menus/menus/edit.ts
hyper,89e714ea6b61f1c47c01be329be8a61208febbb2,app/menus/menus/help.ts
hyper,89e714ea6b61f1c47c01be329be8a61208febbb2,app/menus/menus/shell.ts
hyper,89e714ea6b61f1c47c01be329be8a61208febbb2,app/menus/menus/tools.ts
hyper,89e714ea6b61f1c47c01be329be8a61208febbb2,app/menus/menus/view.ts
hyper,89e714ea6b61f1c47c01be329be8a61208febbb2,app/menus/menus/window.ts
hyper,89e714ea6b61f1c47c01be329be8a61208febbb2,app/plugins/extensions.ts
hyper,89e714ea6b61f1c47c01be329be8a61208febbb2,app/plugins/install.ts
hyper,89e714ea6b61f1c47c01be329be8a61208febbb2,app/ui/contextmenu.ts
hyper,89e714ea6b61f1c47c01be329be8a61208febbb2,app/ui/window.ts
hyper,89e714ea6b61f1c47c01be329be8a61208febbb2,app/utils/cli-install.ts
hyper,89e714ea6b61f1c47c01be329be8a61208febbb2,app/utils/colors.ts
hyper,89e714ea6b61f1c47c01be329be8a61208febbb2,app/utils/map-keys.ts
hyper,89e714ea6b61f1c47c01be329be8a61208febbb2,app/utils/renderer-utils.ts
hyper,89e714ea6b61f1c47c01be329be8a61208febbb2,app/utils/system-context-menu.ts
hyper,89e714ea6b61f1c47c01be329be8a61208febbb2,app/utils/to-electron-background-color.ts
hyper,89e714ea6b61f1c47c01be329be8a61208febbb2,app/utils/window-utils.ts
hyper,89e714ea6b61f1c47c01be329be8a61208febbb2,cli/api.ts
hyper,89e714ea6b61f1c47c01be329be8a61208febbb2,cli/index.ts
hyper,89e714ea6b61f1c47c01be329be8a61208febbb2,lib/command-registry.ts
hyper,89e714ea6b61f1c47c01be329be8a61208febbb2,lib/config.d.ts
hyper,89e714ea6b61f1c47c01be329be8a61208febbb2,lib/ext-modules.d.ts
hyper,89e714ea6b61f1c47c01be329be8a61208febbb2,lib/hyper.d.ts
hyper,89e714ea6b61f1c47c01be329be8a61208febbb2,lib/index.tsx
hyper,89e714ea6b61f1c47c01be329be8a61208febbb2,lib/rpc.ts
hyper,89e714ea6b61f1c47c01be329be8a61208febbb2,lib/selectors.ts
hyper,89e714ea6b61f1c47c01be329be8a61208febbb2,lib/terms.ts
hyper,89e714ea6b61f1c47c01be329be8a61208febbb2,lib/actions/config.ts
hyper,89e714ea6b61f1c47c01be329be8a61208febbb2,lib/actions/header.ts
hyper,89e714ea6b61f1c47c01be329be8a61208febbb2,lib/actions/index.ts
hyper,89e714ea6b61f1c47c01be329be8a61208febbb2,lib/actions/notifications.ts
hyper,89e714ea6b61f1c47c01be329be8a61208febbb2,lib/actions/sessions.ts
hyper,89e714ea6b61f1c47c01be329be8a61208febbb2,lib/actions/term-groups.ts
hyper,89e714ea6b61f1c47c01be329be8a61208febbb2,lib/actions/ui.ts
hyper,89e714ea6b61f1c47c01be329be8a61208febbb2,lib/actions/updater.ts
hyper,89e714ea6b61f1c47c01be329be8a61208febbb2,lib/components/header.tsx
hyper,89e714ea6b61f1c47c01be329be8a61208febbb2,lib/components/notification.tsx
hyper,89e714ea6b61f1c47c01be329be8a61208febbb2,lib/components/notifications.tsx
hyper,89e714ea6b61f1c47c01be329be8a61208febbb2,lib/components/searchBox.tsx
hyper,89e714ea6b61f1c47c01be329be8a61208febbb2,lib/components/split-pane.tsx
hyper,89e714ea6b61f1c47c01be329be8a61208febbb2,lib/components/style-sheet.tsx
hyper,89e714ea6b61f1c47c01be329be8a61208febbb2,lib/components/tab.tsx
hyper,89e714ea6b61f1c47c01be329be8a61208febbb2,lib/components/tabs.tsx
hyper,89e714ea6b61f1c47c01be329be8a61208febbb2,lib/components/term-group.tsx
hyper,89e714ea6b61f1c47c01be329be8a61208febbb2,lib/components/term.tsx
hyper,89e714ea6b61f1c47c01be329be8a61208febbb2,lib/components/terms.tsx
hyper,89e714ea6b61f1c47c01be329be8a61208febbb2,lib/constants/config.ts
hyper,89e714ea6b61f1c47c01be329be8a61208febbb2,lib/constants/index.ts
hyper,89e714ea6b61f1c47c01be329be8a61208febbb2,lib/constants/notifications.ts
hyper,89e714ea6b61f1c47c01be329be8a61208febbb2,lib/constants/sessions.ts
hyper,89e714ea6b61f1c47c01be329be8a61208febbb2,lib/constants/tabs.ts
hyper,89e714ea6b61f1c47c01be329be8a61208febbb2,lib/constants/term-groups.ts
hyper,89e714ea6b61f1c47c01be329be8a61208febbb2,lib/constants/ui.ts
hyper,89e714ea6b61f1c47c01be329be8a61208febbb2,lib/constants/updater.ts
hyper,89e714ea6b61f1c47c01be329be8a61208febbb2,lib/containers/header.ts
hyper,89e714ea6b61f1c47c01be329be8a61208febbb2,lib/containers/hyper.tsx
hyper,89e714ea6b61f1c47c01be329be8a61208febbb2,lib/containers/notifications.ts
hyper,89e714ea6b61f1c47c01be329be8a61208febbb2,lib/containers/terms.ts
hyper,89e714ea6b61f1c47c01be329be8a61208febbb2,lib/reducers/index.ts
hyper,89e714ea6b61f1c47c01be329be8a61208febbb2,lib/reducers/sessions.ts
hyper,89e714ea6b61f1c47c01be329be8a61208febbb2,lib/reducers/term-groups.ts
hyper,89e714ea6b61f1c47c01be329be8a61208febbb2,lib/reducers/ui.ts
hyper,89e714ea6b61f1c47c01be329be8a61208febbb2,lib/store/configure-store.dev.ts
hyper,89e714ea6b61f1c47c01be329be8a61208febbb2,lib/store/configure-store.prod.ts
hyper,89e714ea6b61f1c47c01be329be8a61208febbb2,lib/store/configure-store.ts
hyper,89e714ea6b61f1c47c01be329be8a61208febbb2,lib/store/write-middleware.ts
hyper,89e714ea6b61f1c47c01be329be8a61208febbb2,lib/utils/config.ts
hyper,89e714ea6b61f1c47c01be329be8a61208febbb2,lib/utils/effects.ts
hyper,89e714ea6b61f1c47c01be329be8a61208febbb2,lib/utils/file.ts
hyper,89e714ea6b61f1c47c01be329be8a61208febbb2,lib/utils/ipc-child-process.ts
hyper,89e714ea6b61f1c47c01be329be8a61208febbb2,lib/utils/notify.ts
hyper,89e714ea6b61f1c47c01be329be8a61208febbb2,lib/utils/object.ts
hyper,89e714ea6b61f1c47c01be329be8a61208febbb2,lib/utils/paste.ts
hyper,89e714ea6b61f1c47c01be329be8a61208febbb2,lib/utils/plugins.ts
hyper,89e714ea6b61f1c47c01be329be8a61208febbb2,lib/utils/rpc.ts
hyper,89e714ea6b61f1c47c01be329be8a61208febbb2,lib/utils/term-groups.ts
hyper,394734bfba7404e18da5d8fb5461c98ecd6098cb,webpack.config.ts
hyper,394734bfba7404e18da5d8fb5461c98ecd6098cb,app/auto-updater-linux.ts
hyper,394734bfba7404e18da5d8fb5461c98ecd6098cb,app/commands.ts
hyper,394734bfba7404e18da5d8fb5461c98ecd6098cb,app/config.ts
hyper,394734bfba7404e18da5d8fb5461c98ecd6098cb,app/ext-modules.d.ts
hyper,394734bfba7404e18da5d8fb5461c98ecd6098cb,app/extend-electron.d.ts
hyper,394734bfba7404e18da5d8fb5461c98ecd6098cb,app/index.d.ts
hyper,394734bfba7404e18da5d8fb5461c98ecd6098cb,app/index.ts
hyper,394734bfba7404e18da5d8fb5461c98ecd6098cb,app/notifications.ts
hyper,394734bfba7404e18da5d8fb5461c98ecd6098cb,app/notify.ts
hyper,394734bfba7404e18da5d8fb5461c98ecd6098cb,app/plugins.ts
hyper,394734bfba7404e18da5d8fb5461c98ecd6098cb,app/rpc.ts
hyper,394734bfba7404e18da5d8fb5461c98ecd6098cb,app/session.ts
hyper,394734bfba7404e18da5d8fb5461c98ecd6098cb,app/updater.ts
hyper,394734bfba7404e18da5d8fb5461c98ecd6098cb,app/config/import.ts
hyper,394734bfba7404e18da5d8fb5461c98ecd6098cb,app/config/init.ts
hyper,394734bfba7404e18da5d8fb5461c98ecd6098cb,app/config/open.ts
hyper,394734bfba7404e18da5d8fb5461c98ecd6098cb,app/config/paths.ts
hyper,394734bfba7404e18da5d8fb5461c98ecd6098cb,app/config/windows.ts
hyper,394734bfba7404e18da5d8fb5461c98ecd6098cb,app/menus/menu.ts
hyper,394734bfba7404e18da5d8fb5461c98ecd6098cb,app/menus/menus/darwin.ts
hyper,394734bfba7404e18da5d8fb5461c98ecd6098cb,app/menus/menus/edit.ts
hyper,394734bfba7404e18da5d8fb5461c98ecd6098cb,app/menus/menus/help.ts
hyper,394734bfba7404e18da5d8fb5461c98ecd6098cb,app/menus/menus/shell.ts
hyper,394734bfba7404e18da5d8fb5461c98ecd6098cb,app/menus/menus/tools.ts
hyper,394734bfba7404e18da5d8fb5461c98ecd6098cb,app/menus/menus/view.ts
hyper,394734bfba7404e18da5d8fb5461c98ecd6098cb,app/menus/menus/window.ts
hyper,394734bfba7404e18da5d8fb5461c98ecd6098cb,app/plugins/extensions.ts
hyper,394734bfba7404e18da5d8fb5461c98ecd6098cb,app/plugins/install.ts
hyper,394734bfba7404e18da5d8fb5461c98ecd6098cb,app/ui/contextmenu.ts
hyper,394734bfba7404e18da5d8fb5461c98ecd6098cb,app/ui/window.ts
hyper,394734bfba7404e18da5d8fb5461c98ecd6098cb,app/utils/cli-install.ts
hyper,394734bfba7404e18da5d8fb5461c98ecd6098cb,app/utils/colors.ts
hyper,394734bfba7404e18da5d8fb5461c98ecd6098cb,app/utils/map-keys.ts
hyper,394734bfba7404e18da5d8fb5461c98ecd6098cb,app/utils/renderer-utils.ts
hyper,394734bfba7404e18da5d8fb5461c98ecd6098cb,app/utils/system-context-menu.ts
hyper,394734bfba7404e18da5d8fb5461c98ecd6098cb,app/utils/to-electron-background-color.ts
hyper,394734bfba7404e18da5d8fb5461c98ecd6098cb,app/utils/window-utils.ts
hyper,394734bfba7404e18da5d8fb5461c98ecd6098cb,cli/api.ts
hyper,394734bfba7404e18da5d8fb5461c98ecd6098cb,cli/index.ts
hyper,394734bfba7404e18da5d8fb5461c98ecd6098cb,lib/command-registry.ts
hyper,394734bfba7404e18da5d8fb5461c98ecd6098cb,lib/config.d.ts
hyper,394734bfba7404e18da5d8fb5461c98ecd6098cb,lib/ext-modules.d.ts
hyper,394734bfba7404e18da5d8fb5461c98ecd6098cb,lib/hyper.d.ts
hyper,394734bfba7404e18da5d8fb5461c98ecd6098cb,lib/index.tsx
hyper,394734bfba7404e18da5d8fb5461c98ecd6098cb,lib/rpc.ts
hyper,394734bfba7404e18da5d8fb5461c98ecd6098cb,lib/selectors.ts
hyper,394734bfba7404e18da5d8fb5461c98ecd6098cb,lib/terms.ts
hyper,394734bfba7404e18da5d8fb5461c98ecd6098cb,lib/actions/config.ts
hyper,394734bfba7404e18da5d8fb5461c98ecd6098cb,lib/actions/header.ts
hyper,394734bfba7404e18da5d8fb5461c98ecd6098cb,lib/actions/index.ts
hyper,394734bfba7404e18da5d8fb5461c98ecd6098cb,lib/actions/notifications.ts
hyper,394734bfba7404e18da5d8fb5461c98ecd6098cb,lib/actions/sessions.ts
hyper,394734bfba7404e18da5d8fb5461c98ecd6098cb,lib/actions/term-groups.ts
hyper,394734bfba7404e18da5d8fb5461c98ecd6098cb,lib/actions/ui.ts
hyper,394734bfba7404e18da5d8fb5461c98ecd6098cb,lib/actions/updater.ts
hyper,394734bfba7404e18da5d8fb5461c98ecd6098cb,lib/components/header.tsx
hyper,394734bfba7404e18da5d8fb5461c98ecd6098cb,lib/components/notification.tsx
hyper,394734bfba7404e18da5d8fb5461c98ecd6098cb,lib/components/notifications.tsx
hyper,394734bfba7404e18da5d8fb5461c98ecd6098cb,lib/components/searchBox.tsx
hyper,394734bfba7404e18da5d8fb5461c98ecd6098cb,lib/components/split-pane.tsx
hyper,394734bfba7404e18da5d8fb5461c98ecd6098cb,lib/components/style-sheet.tsx
hyper,394734bfba7404e18da5d8fb5461c98ecd6098cb,lib/components/tab.tsx
hyper,394734bfba7404e18da5d8fb5461c98ecd6098cb,lib/components/tabs.tsx
hyper,394734bfba7404e18da5d8fb5461c98ecd6098cb,lib/components/term-group.tsx
hyper,394734bfba7404e18da5d8fb5461c98ecd6098cb,lib/components/term.tsx
hyper,394734bfba7404e18da5d8fb5461c98ecd6098cb,lib/components/terms.tsx
hyper,394734bfba7404e18da5d8fb5461c98ecd6098cb,lib/constants/config.ts
hyper,394734bfba7404e18da5d8fb5461c98ecd6098cb,lib/constants/index.ts
hyper,394734bfba7404e18da5d8fb5461c98ecd6098cb,lib/constants/notifications.ts
hyper,394734bfba7404e18da5d8fb5461c98ecd6098cb,lib/constants/sessions.ts
hyper,394734bfba7404e18da5d8fb5461c98ecd6098cb,lib/constants/tabs.ts
hyper,394734bfba7404e18da5d8fb5461c98ecd6098cb,lib/constants/term-groups.ts
hyper,394734bfba7404e18da5d8fb5461c98ecd6098cb,lib/constants/ui.ts
hyper,394734bfba7404e18da5d8fb5461c98ecd6098cb,lib/constants/updater.ts
hyper,394734bfba7404e18da5d8fb5461c98ecd6098cb,lib/containers/header.ts
hyper,394734bfba7404e18da5d8fb5461c98ecd6098cb,lib/containers/hyper.tsx
hyper,394734bfba7404e18da5d8fb5461c98ecd6098cb,lib/containers/notifications.ts
hyper,394734bfba7404e18da5d8fb5461c98ecd6098cb,lib/containers/terms.ts
hyper,394734bfba7404e18da5d8fb5461c98ecd6098cb,lib/reducers/index.ts
hyper,394734bfba7404e18da5d8fb5461c98ecd6098cb,lib/reducers/sessions.ts
hyper,394734bfba7404e18da5d8fb5461c98ecd6098cb,lib/reducers/term-groups.ts
hyper,394734bfba7404e18da5d8fb5461c98ecd6098cb,lib/reducers/ui.ts
hyper,394734bfba7404e18da5d8fb5461c98ecd6098cb,lib/store/configure-store.dev.ts
hyper,394734bfba7404e18da5d8fb5461c98ecd6098cb,lib/store/configure-store.prod.ts
hyper,394734bfba7404e18da5d8fb5461c98ecd6098cb,lib/store/configure-store.ts
hyper,394734bfba7404e18da5d8fb5461c98ecd6098cb,lib/store/write-middleware.ts
hyper,394734bfba7404e18da5d8fb5461c98ecd6098cb,lib/utils/config.ts
hyper,394734bfba7404e18da5d8fb5461c98ecd6098cb,lib/utils/effects.ts
hyper,394734bfba7404e18da5d8fb5461c98ecd6098cb,lib/utils/file.ts
hyper,394734bfba7404e18da5d8fb5461c98ecd6098cb,lib/utils/ipc-child-process.ts
hyper,394734bfba7404e18da5d8fb5461c98ecd6098cb,lib/utils/notify.ts
hyper,394734bfba7404e18da5d8fb5461c98ecd6098cb,lib/utils/object.ts
hyper,394734bfba7404e18da5d8fb5461c98ecd6098cb,lib/utils/paste.ts
hyper,394734bfba7404e18da5d8fb5461c98ecd6098cb,lib/utils/plugins.ts
hyper,394734bfba7404e18da5d8fb5461c98ecd6098cb,lib/utils/rpc.ts
hyper,394734bfba7404e18da5d8fb5461c98ecd6098cb,lib/utils/term-groups.ts
