project,commit_hash,file_name
markdown-here,23d736d9889734e5fe0fb33c9743b63e77fac16f,src/firefox/defaults/preferences/prefs.js
markdown-here,23d736d9889734e5fe0fb33c9743b63e77fac16f,src/firefox/chrome/content/options.js
markdown-here,23d736d9889734e5fe0fb33c9743b63e77fac16f,src/firefox/chrome/content/ff-overlay.js
markdown-here,23d736d9889734e5fe0fb33c9743b63e77fac16f,src/common/jsHtmlToText.js
markdown-here,23d736d9889734e5fe0fb33c9743b63e77fac16f,src/common/options.js
markdown-here,23d736d9889734e5fe0fb33c9743b63e77fac16f,src/common/options-iframe.js
markdown-here,23d736d9889734e5fe0fb33c9743b63e77fac16f,src/common/marked.js
markdown-here,23d736d9889734e5fe0fb33c9743b63e77fac16f,src/common/markdown-here.js
markdown-here,23d736d9889734e5fe0fb33c9743b63e77fac16f,src/common/utils.js
markdown-here,23d736d9889734e5fe0fb33c9743b63e77fac16f,src/common/options-store.js
markdown-here,23d736d9889734e5fe0fb33c9743b63e77fac16f,src/common/markdown-render.js
markdown-here,23d736d9889734e5fe0fb33c9743b63e77fac16f,src/common/highlightjs/highlight.js
markdown-here,23d736d9889734e5fe0fb33c9743b63e77fac16f,src/common/vendor/jquery-1.9.1.js
markdown-here,23d736d9889734e5fe0fb33c9743b63e77fac16f,src/chrome/backgroundscript.js
markdown-here,23d736d9889734e5fe0fb33c9743b63e77fac16f,src/chrome/contentscript.js
markdown-here,db5c001ba1d1b3503bcc7771b656ceeff7c0cd48,src/firefox/defaults/preferences/prefs.js
markdown-here,db5c001ba1d1b3503bcc7771b656ceeff7c0cd48,src/firefox/chrome/content/options.js
markdown-here,db5c001ba1d1b3503bcc7771b656ceeff7c0cd48,src/firefox/chrome/content/ff-overlay.js
markdown-here,db5c001ba1d1b3503bcc7771b656ceeff7c0cd48,src/common/jsHtmlToText.js
markdown-here,db5c001ba1d1b3503bcc7771b656ceeff7c0cd48,src/common/options.js
markdown-here,db5c001ba1d1b3503bcc7771b656ceeff7c0cd48,src/common/options-iframe.js
markdown-here,db5c001ba1d1b3503bcc7771b656ceeff7c0cd48,src/common/marked.js
markdown-here,db5c001ba1d1b3503bcc7771b656ceeff7c0cd48,src/common/markdown-here.js
markdown-here,db5c001ba1d1b3503bcc7771b656ceeff7c0cd48,src/common/utils.js
markdown-here,db5c001ba1d1b3503bcc7771b656ceeff7c0cd48,src/common/options-store.js
markdown-here,db5c001ba1d1b3503bcc7771b656ceeff7c0cd48,src/common/markdown-render.js
markdown-here,db5c001ba1d1b3503bcc7771b656ceeff7c0cd48,src/common/highlightjs/highlight.js
markdown-here,db5c001ba1d1b3503bcc7771b656ceeff7c0cd48,src/common/vendor/jquery-1.9.1.js
markdown-here,db5c001ba1d1b3503bcc7771b656ceeff7c0cd48,src/chrome/backgroundscript.js
markdown-here,db5c001ba1d1b3503bcc7771b656ceeff7c0cd48,src/chrome/contentscript.js
markdown-here,e726ec7c95f109093b6722c9f0091028b21f0e63,src/firefox/defaults/preferences/prefs.js
markdown-here,e726ec7c95f109093b6722c9f0091028b21f0e63,src/firefox/chrome/content/options.js
markdown-here,e726ec7c95f109093b6722c9f0091028b21f0e63,src/firefox/chrome/content/ff-overlay.js
markdown-here,e726ec7c95f109093b6722c9f0091028b21f0e63,src/common/jsHtmlToText.js
markdown-here,e726ec7c95f109093b6722c9f0091028b21f0e63,src/common/options.js
markdown-here,e726ec7c95f109093b6722c9f0091028b21f0e63,src/common/options-iframe.js
markdown-here,e726ec7c95f109093b6722c9f0091028b21f0e63,src/common/marked.js
markdown-here,e726ec7c95f109093b6722c9f0091028b21f0e63,src/common/markdown-here.js
markdown-here,e726ec7c95f109093b6722c9f0091028b21f0e63,src/common/utils.js
markdown-here,e726ec7c95f109093b6722c9f0091028b21f0e63,src/common/options-store.js
markdown-here,e726ec7c95f109093b6722c9f0091028b21f0e63,src/common/markdown-render.js
markdown-here,e726ec7c95f109093b6722c9f0091028b21f0e63,src/common/highlightjs/highlight.js
markdown-here,e726ec7c95f109093b6722c9f0091028b21f0e63,src/common/vendor/jquery-1.9.1.js
markdown-here,e726ec7c95f109093b6722c9f0091028b21f0e63,src/chrome/backgroundscript.js
markdown-here,e726ec7c95f109093b6722c9f0091028b21f0e63,src/chrome/contentscript.js
markdown-here,f48c8ee3444a3abae7f192ddbfc341b8db51a604,src/firefox/defaults/preferences/prefs.js
markdown-here,f48c8ee3444a3abae7f192ddbfc341b8db51a604,src/firefox/chrome/content/ff-overlay.js
markdown-here,f48c8ee3444a3abae7f192ddbfc341b8db51a604,src/firefox/chrome/content/background-services.js
markdown-here,f48c8ee3444a3abae7f192ddbfc341b8db51a604,src/common/jsHtmlToText.js
markdown-here,f48c8ee3444a3abae7f192ddbfc341b8db51a604,src/common/options.js
markdown-here,f48c8ee3444a3abae7f192ddbfc341b8db51a604,src/common/options-iframe.js
markdown-here,f48c8ee3444a3abae7f192ddbfc341b8db51a604,src/common/marked.js
markdown-here,f48c8ee3444a3abae7f192ddbfc341b8db51a604,src/common/markdown-here.js
markdown-here,f48c8ee3444a3abae7f192ddbfc341b8db51a604,src/common/utils.js
markdown-here,f48c8ee3444a3abae7f192ddbfc341b8db51a604,src/common/options-store.js
markdown-here,f48c8ee3444a3abae7f192ddbfc341b8db51a604,src/common/markdown-render.js
markdown-here,f48c8ee3444a3abae7f192ddbfc341b8db51a604,src/common/highlightjs/highlight.js
markdown-here,f48c8ee3444a3abae7f192ddbfc341b8db51a604,src/common/vendor/jquery-1.9.1.js
markdown-here,f48c8ee3444a3abae7f192ddbfc341b8db51a604,src/chrome/backgroundscript.js
markdown-here,f48c8ee3444a3abae7f192ddbfc341b8db51a604,src/chrome/contentscript.js
markdown-here,9584076106d669ea2f066b7427b30a2b0cc1b37b,src/firefox/defaults/preferences/prefs.js
markdown-here,9584076106d669ea2f066b7427b30a2b0cc1b37b,src/firefox/chrome/content/ff-overlay.js
markdown-here,9584076106d669ea2f066b7427b30a2b0cc1b37b,src/firefox/chrome/content/background-services.js
markdown-here,9584076106d669ea2f066b7427b30a2b0cc1b37b,src/common/jsHtmlToText.js
markdown-here,9584076106d669ea2f066b7427b30a2b0cc1b37b,src/common/options.js
markdown-here,9584076106d669ea2f066b7427b30a2b0cc1b37b,src/common/options-iframe.js
markdown-here,9584076106d669ea2f066b7427b30a2b0cc1b37b,src/common/marked.js
markdown-here,9584076106d669ea2f066b7427b30a2b0cc1b37b,src/common/markdown-here.js
markdown-here,9584076106d669ea2f066b7427b30a2b0cc1b37b,src/common/utils.js
markdown-here,9584076106d669ea2f066b7427b30a2b0cc1b37b,src/common/options-store.js
markdown-here,9584076106d669ea2f066b7427b30a2b0cc1b37b,src/common/markdown-render.js
markdown-here,9584076106d669ea2f066b7427b30a2b0cc1b37b,src/common/highlightjs/highlight.js
markdown-here,9584076106d669ea2f066b7427b30a2b0cc1b37b,src/common/vendor/jquery-1.9.1.js
markdown-here,9584076106d669ea2f066b7427b30a2b0cc1b37b,src/chrome/backgroundscript.js
markdown-here,9584076106d669ea2f066b7427b30a2b0cc1b37b,src/chrome/contentscript.js
markdown-here,18cb51038c0b0cb3fcf7e64c5b910580e7713a05,src/firefox/defaults/preferences/prefs.js
markdown-here,18cb51038c0b0cb3fcf7e64c5b910580e7713a05,src/firefox/chrome/content/ff-overlay.js
markdown-here,18cb51038c0b0cb3fcf7e64c5b910580e7713a05,src/firefox/chrome/content/background-services.js
markdown-here,18cb51038c0b0cb3fcf7e64c5b910580e7713a05,src/firefox/chrome/content/confirm-prompt.js
markdown-here,18cb51038c0b0cb3fcf7e64c5b910580e7713a05,src/common/jsHtmlToText.js
markdown-here,18cb51038c0b0cb3fcf7e64c5b910580e7713a05,src/common/options.js
markdown-here,18cb51038c0b0cb3fcf7e64c5b910580e7713a05,src/common/options-iframe.js
markdown-here,18cb51038c0b0cb3fcf7e64c5b910580e7713a05,src/common/marked.js
markdown-here,18cb51038c0b0cb3fcf7e64c5b910580e7713a05,src/common/markdown-here.js
markdown-here,18cb51038c0b0cb3fcf7e64c5b910580e7713a05,src/common/mdh-html-to-text.js
markdown-here,18cb51038c0b0cb3fcf7e64c5b910580e7713a05,src/common/utils.js
markdown-here,18cb51038c0b0cb3fcf7e64c5b910580e7713a05,src/common/options-store.js
markdown-here,18cb51038c0b0cb3fcf7e64c5b910580e7713a05,src/common/markdown-render.js
markdown-here,18cb51038c0b0cb3fcf7e64c5b910580e7713a05,src/common/common-logic.js
markdown-here,18cb51038c0b0cb3fcf7e64c5b910580e7713a05,src/common/highlightjs/highlight.js
markdown-here,18cb51038c0b0cb3fcf7e64c5b910580e7713a05,src/common/vendor/jquery-1.9.1.js
markdown-here,18cb51038c0b0cb3fcf7e64c5b910580e7713a05,src/chrome/backgroundscript.js
markdown-here,18cb51038c0b0cb3fcf7e64c5b910580e7713a05,src/chrome/contentscript.js
markdown-here,c3f08112f30e69aac457d67bad87a6215f7068ea,src/firefox/defaults/preferences/prefs.js
markdown-here,c3f08112f30e69aac457d67bad87a6215f7068ea,src/firefox/chrome/content/ff-overlay.js
markdown-here,c3f08112f30e69aac457d67bad87a6215f7068ea,src/firefox/chrome/content/background-services.js
markdown-here,c3f08112f30e69aac457d67bad87a6215f7068ea,src/firefox/chrome/content/confirm-prompt.js
markdown-here,c3f08112f30e69aac457d67bad87a6215f7068ea,src/common/jsHtmlToText.js
markdown-here,c3f08112f30e69aac457d67bad87a6215f7068ea,src/common/options.js
markdown-here,c3f08112f30e69aac457d67bad87a6215f7068ea,src/common/options-iframe.js
markdown-here,c3f08112f30e69aac457d67bad87a6215f7068ea,src/common/marked.js
markdown-here,c3f08112f30e69aac457d67bad87a6215f7068ea,src/common/markdown-here.js
markdown-here,c3f08112f30e69aac457d67bad87a6215f7068ea,src/common/mdh-html-to-text.js
markdown-here,c3f08112f30e69aac457d67bad87a6215f7068ea,src/common/utils.js
markdown-here,c3f08112f30e69aac457d67bad87a6215f7068ea,src/common/options-store.js
markdown-here,c3f08112f30e69aac457d67bad87a6215f7068ea,src/common/markdown-render.js
markdown-here,c3f08112f30e69aac457d67bad87a6215f7068ea,src/common/common-logic.js
markdown-here,c3f08112f30e69aac457d67bad87a6215f7068ea,src/common/highlightjs/highlight.js
markdown-here,c3f08112f30e69aac457d67bad87a6215f7068ea,src/common/vendor/jquery-1.9.1.js
markdown-here,c3f08112f30e69aac457d67bad87a6215f7068ea,src/chrome/backgroundscript.js
markdown-here,c3f08112f30e69aac457d67bad87a6215f7068ea,src/chrome/contentscript.js
markdown-here,8789d4502500d79106935ac98ffa701e4f3c1eb9,src/firefox/defaults/preferences/prefs.js
markdown-here,8789d4502500d79106935ac98ffa701e4f3c1eb9,src/firefox/chrome/content/ff-overlay.js
markdown-here,8789d4502500d79106935ac98ffa701e4f3c1eb9,src/firefox/chrome/content/background-services.js
markdown-here,8789d4502500d79106935ac98ffa701e4f3c1eb9,src/firefox/chrome/content/confirm-prompt.js
markdown-here,8789d4502500d79106935ac98ffa701e4f3c1eb9,src/common/jsHtmlToText.js
markdown-here,8789d4502500d79106935ac98ffa701e4f3c1eb9,src/common/options.js
markdown-here,8789d4502500d79106935ac98ffa701e4f3c1eb9,src/common/options-iframe.js
markdown-here,8789d4502500d79106935ac98ffa701e4f3c1eb9,src/common/marked.js
markdown-here,8789d4502500d79106935ac98ffa701e4f3c1eb9,src/common/markdown-here.js
markdown-here,8789d4502500d79106935ac98ffa701e4f3c1eb9,src/common/mdh-html-to-text.js
markdown-here,8789d4502500d79106935ac98ffa701e4f3c1eb9,src/common/utils.js
markdown-here,8789d4502500d79106935ac98ffa701e4f3c1eb9,src/common/options-store.js
markdown-here,8789d4502500d79106935ac98ffa701e4f3c1eb9,src/common/markdown-render.js
markdown-here,8789d4502500d79106935ac98ffa701e4f3c1eb9,src/common/common-logic.js
markdown-here,8789d4502500d79106935ac98ffa701e4f3c1eb9,src/common/highlightjs/highlight.js
markdown-here,8789d4502500d79106935ac98ffa701e4f3c1eb9,src/common/vendor/jquery-1.9.1.js
markdown-here,8789d4502500d79106935ac98ffa701e4f3c1eb9,src/chrome/backgroundscript.js
markdown-here,8789d4502500d79106935ac98ffa701e4f3c1eb9,src/chrome/contentscript.js
markdown-here,bd548b343489d678eeec9bf7f871a7640fc86206,src/firefox/defaults/preferences/prefs.js
markdown-here,bd548b343489d678eeec9bf7f871a7640fc86206,src/firefox/chrome/content/ff-overlay.js
markdown-here,bd548b343489d678eeec9bf7f871a7640fc86206,src/firefox/chrome/content/background-services.js
markdown-here,bd548b343489d678eeec9bf7f871a7640fc86206,src/firefox/chrome/content/confirm-prompt.js
markdown-here,bd548b343489d678eeec9bf7f871a7640fc86206,src/common/jsHtmlToText.js
markdown-here,bd548b343489d678eeec9bf7f871a7640fc86206,src/common/options.js
markdown-here,bd548b343489d678eeec9bf7f871a7640fc86206,src/common/options-iframe.js
markdown-here,bd548b343489d678eeec9bf7f871a7640fc86206,src/common/marked.js
markdown-here,bd548b343489d678eeec9bf7f871a7640fc86206,src/common/markdown-here.js
markdown-here,bd548b343489d678eeec9bf7f871a7640fc86206,src/common/mdh-html-to-text.js
markdown-here,bd548b343489d678eeec9bf7f871a7640fc86206,src/common/utils.js
markdown-here,bd548b343489d678eeec9bf7f871a7640fc86206,src/common/options-store.js
markdown-here,bd548b343489d678eeec9bf7f871a7640fc86206,src/common/markdown-render.js
markdown-here,bd548b343489d678eeec9bf7f871a7640fc86206,src/common/common-logic.js
markdown-here,bd548b343489d678eeec9bf7f871a7640fc86206,src/common/highlightjs/highlight.js
markdown-here,bd548b343489d678eeec9bf7f871a7640fc86206,src/common/vendor/jquery-1.9.1.js
markdown-here,bd548b343489d678eeec9bf7f871a7640fc86206,src/chrome/backgroundscript.js
markdown-here,bd548b343489d678eeec9bf7f871a7640fc86206,src/chrome/contentscript.js
markdown-here,1b7c0a192e9de3933affb12694bcd833479e9561,src/firefox/defaults/preferences/prefs.js
markdown-here,1b7c0a192e9de3933affb12694bcd833479e9561,src/firefox/chrome/content/ff-overlay.js
markdown-here,1b7c0a192e9de3933affb12694bcd833479e9561,src/firefox/chrome/content/background-services.js
markdown-here,1b7c0a192e9de3933affb12694bcd833479e9561,src/firefox/chrome/content/confirm-prompt.js
markdown-here,1b7c0a192e9de3933affb12694bcd833479e9561,src/common/jsHtmlToText.js
markdown-here,1b7c0a192e9de3933affb12694bcd833479e9561,src/common/options.js
markdown-here,1b7c0a192e9de3933affb12694bcd833479e9561,src/common/options-iframe.js
markdown-here,1b7c0a192e9de3933affb12694bcd833479e9561,src/common/marked.js
markdown-here,1b7c0a192e9de3933affb12694bcd833479e9561,src/common/markdown-here.js
markdown-here,1b7c0a192e9de3933affb12694bcd833479e9561,src/common/mdh-html-to-text.js
markdown-here,1b7c0a192e9de3933affb12694bcd833479e9561,src/common/utils.js
markdown-here,1b7c0a192e9de3933affb12694bcd833479e9561,src/common/options-store.js
markdown-here,1b7c0a192e9de3933affb12694bcd833479e9561,src/common/markdown-render.js
markdown-here,1b7c0a192e9de3933affb12694bcd833479e9561,src/common/common-logic.js
markdown-here,1b7c0a192e9de3933affb12694bcd833479e9561,src/common/highlightjs/highlight.js
markdown-here,1b7c0a192e9de3933affb12694bcd833479e9561,src/common/vendor/jquery-1.9.1.js
markdown-here,1b7c0a192e9de3933affb12694bcd833479e9561,src/chrome/backgroundscript.js
markdown-here,1b7c0a192e9de3933affb12694bcd833479e9561,src/chrome/contentscript.js
markdown-here,6f5222e45129db32838edd7e6e5c241d391f9de0,utils/i18n.js
markdown-here,6f5222e45129db32838edd7e6e5c241d391f9de0,src/firefox/defaults/preferences/prefs.js
markdown-here,6f5222e45129db32838edd7e6e5c241d391f9de0,src/firefox/chrome/content/ff-overlay.js
markdown-here,6f5222e45129db32838edd7e6e5c241d391f9de0,src/firefox/chrome/content/background-services.js
markdown-here,6f5222e45129db32838edd7e6e5c241d391f9de0,src/firefox/chrome/content/confirm-prompt.js
markdown-here,6f5222e45129db32838edd7e6e5c241d391f9de0,src/common/jsHtmlToText.js
markdown-here,6f5222e45129db32838edd7e6e5c241d391f9de0,src/common/options.js
markdown-here,6f5222e45129db32838edd7e6e5c241d391f9de0,src/common/options-iframe.js
markdown-here,6f5222e45129db32838edd7e6e5c241d391f9de0,src/common/marked.js
markdown-here,6f5222e45129db32838edd7e6e5c241d391f9de0,src/common/markdown-here.js
markdown-here,6f5222e45129db32838edd7e6e5c241d391f9de0,src/common/mdh-html-to-text.js
markdown-here,6f5222e45129db32838edd7e6e5c241d391f9de0,src/common/utils.js
markdown-here,6f5222e45129db32838edd7e6e5c241d391f9de0,src/common/options-store.js
markdown-here,6f5222e45129db32838edd7e6e5c241d391f9de0,src/common/markdown-render.js
markdown-here,6f5222e45129db32838edd7e6e5c241d391f9de0,src/common/common-logic.js
markdown-here,6f5222e45129db32838edd7e6e5c241d391f9de0,src/common/highlightjs/highlight.js
markdown-here,6f5222e45129db32838edd7e6e5c241d391f9de0,src/common/vendor/jquery-1.9.1.js
markdown-here,6f5222e45129db32838edd7e6e5c241d391f9de0,src/chrome/backgroundscript.js
markdown-here,6f5222e45129db32838edd7e6e5c241d391f9de0,src/chrome/contentscript.js
markdown-here,de0b83d92889f0b1f01870d776366ddd20b3ae3a,utils/i18n.js
markdown-here,de0b83d92889f0b1f01870d776366ddd20b3ae3a,src/firefox/defaults/preferences/prefs.js
markdown-here,de0b83d92889f0b1f01870d776366ddd20b3ae3a,src/firefox/chrome/content/ff-overlay.js
markdown-here,de0b83d92889f0b1f01870d776366ddd20b3ae3a,src/firefox/chrome/content/background-services.js
markdown-here,de0b83d92889f0b1f01870d776366ddd20b3ae3a,src/firefox/chrome/content/confirm-prompt.js
markdown-here,de0b83d92889f0b1f01870d776366ddd20b3ae3a,src/common/jsHtmlToText.js
markdown-here,de0b83d92889f0b1f01870d776366ddd20b3ae3a,src/common/options.js
markdown-here,de0b83d92889f0b1f01870d776366ddd20b3ae3a,src/common/options-iframe.js
markdown-here,de0b83d92889f0b1f01870d776366ddd20b3ae3a,src/common/marked.js
markdown-here,de0b83d92889f0b1f01870d776366ddd20b3ae3a,src/common/markdown-here.js
markdown-here,de0b83d92889f0b1f01870d776366ddd20b3ae3a,src/common/mdh-html-to-text.js
markdown-here,de0b83d92889f0b1f01870d776366ddd20b3ae3a,src/common/utils.js
markdown-here,de0b83d92889f0b1f01870d776366ddd20b3ae3a,src/common/options-store.js
markdown-here,de0b83d92889f0b1f01870d776366ddd20b3ae3a,src/common/markdown-render.js
markdown-here,de0b83d92889f0b1f01870d776366ddd20b3ae3a,src/common/common-logic.js
markdown-here,de0b83d92889f0b1f01870d776366ddd20b3ae3a,src/common/highlightjs/highlight.js
markdown-here,de0b83d92889f0b1f01870d776366ddd20b3ae3a,src/common/vendor/jquery-1.9.1.js
markdown-here,de0b83d92889f0b1f01870d776366ddd20b3ae3a,src/chrome/backgroundscript.js
markdown-here,de0b83d92889f0b1f01870d776366ddd20b3ae3a,src/chrome/contentscript.js
markdown-here,3d605a57a6b0d91212eceae7fb6ecc47dcc710ef,utils/i18n.js
markdown-here,3d605a57a6b0d91212eceae7fb6ecc47dcc710ef,src/firefox/defaults/preferences/prefs.js
markdown-here,3d605a57a6b0d91212eceae7fb6ecc47dcc710ef,src/firefox/chrome/content/ff-overlay.js
markdown-here,3d605a57a6b0d91212eceae7fb6ecc47dcc710ef,src/firefox/chrome/content/background-services.js
markdown-here,3d605a57a6b0d91212eceae7fb6ecc47dcc710ef,src/firefox/chrome/content/confirm-prompt.js
markdown-here,3d605a57a6b0d91212eceae7fb6ecc47dcc710ef,src/common/jsHtmlToText.js
markdown-here,3d605a57a6b0d91212eceae7fb6ecc47dcc710ef,src/common/options.js
markdown-here,3d605a57a6b0d91212eceae7fb6ecc47dcc710ef,src/common/options-iframe.js
markdown-here,3d605a57a6b0d91212eceae7fb6ecc47dcc710ef,src/common/marked.js
markdown-here,3d605a57a6b0d91212eceae7fb6ecc47dcc710ef,src/common/markdown-here.js
markdown-here,3d605a57a6b0d91212eceae7fb6ecc47dcc710ef,src/common/mdh-html-to-text.js
markdown-here,3d605a57a6b0d91212eceae7fb6ecc47dcc710ef,src/common/utils.js
markdown-here,3d605a57a6b0d91212eceae7fb6ecc47dcc710ef,src/common/options-store.js
markdown-here,3d605a57a6b0d91212eceae7fb6ecc47dcc710ef,src/common/markdown-render.js
markdown-here,3d605a57a6b0d91212eceae7fb6ecc47dcc710ef,src/common/common-logic.js
markdown-here,3d605a57a6b0d91212eceae7fb6ecc47dcc710ef,src/common/highlightjs/highlight.js
markdown-here,3d605a57a6b0d91212eceae7fb6ecc47dcc710ef,src/common/vendor/jquery-1.9.1.js
markdown-here,3d605a57a6b0d91212eceae7fb6ecc47dcc710ef,src/chrome/backgroundscript.js
markdown-here,3d605a57a6b0d91212eceae7fb6ecc47dcc710ef,src/chrome/contentscript.js
markdown-here,6d8bd3525bc17040aae301886383ba64b119b4bd,utils/i18n.js
markdown-here,6d8bd3525bc17040aae301886383ba64b119b4bd,src/firefox/defaults/preferences/prefs.js
markdown-here,6d8bd3525bc17040aae301886383ba64b119b4bd,src/firefox/chrome/content/ff-overlay.js
markdown-here,6d8bd3525bc17040aae301886383ba64b119b4bd,src/firefox/chrome/content/background-services.js
markdown-here,6d8bd3525bc17040aae301886383ba64b119b4bd,src/firefox/chrome/content/confirm-prompt.js
markdown-here,6d8bd3525bc17040aae301886383ba64b119b4bd,src/common/jsHtmlToText.js
markdown-here,6d8bd3525bc17040aae301886383ba64b119b4bd,src/common/options.js
markdown-here,6d8bd3525bc17040aae301886383ba64b119b4bd,src/common/options-iframe.js
markdown-here,6d8bd3525bc17040aae301886383ba64b119b4bd,src/common/marked.js
markdown-here,6d8bd3525bc17040aae301886383ba64b119b4bd,src/common/markdown-here.js
markdown-here,6d8bd3525bc17040aae301886383ba64b119b4bd,src/common/mdh-html-to-text.js
markdown-here,6d8bd3525bc17040aae301886383ba64b119b4bd,src/common/utils.js
markdown-here,6d8bd3525bc17040aae301886383ba64b119b4bd,src/common/options-store.js
markdown-here,6d8bd3525bc17040aae301886383ba64b119b4bd,src/common/markdown-render.js
markdown-here,6d8bd3525bc17040aae301886383ba64b119b4bd,src/common/common-logic.js
markdown-here,6d8bd3525bc17040aae301886383ba64b119b4bd,src/common/highlightjs/highlight.js
markdown-here,6d8bd3525bc17040aae301886383ba64b119b4bd,src/common/vendor/jquery-1.9.1.js
markdown-here,6d8bd3525bc17040aae301886383ba64b119b4bd,src/chrome/backgroundscript.js
markdown-here,6d8bd3525bc17040aae301886383ba64b119b4bd,src/chrome/contentscript.js
markdown-here,fda88684a19178850f2210309e6c6ae5ff408cc5,utils/i18n.js
markdown-here,fda88684a19178850f2210309e6c6ae5ff408cc5,src/firefox/defaults/preferences/prefs.js
markdown-here,fda88684a19178850f2210309e6c6ae5ff408cc5,src/firefox/chrome/content/ff-overlay.js
markdown-here,fda88684a19178850f2210309e6c6ae5ff408cc5,src/firefox/chrome/content/background-services.js
markdown-here,fda88684a19178850f2210309e6c6ae5ff408cc5,src/firefox/chrome/content/confirm-prompt.js
markdown-here,fda88684a19178850f2210309e6c6ae5ff408cc5,src/common/jsHtmlToText.js
markdown-here,fda88684a19178850f2210309e6c6ae5ff408cc5,src/common/options.js
markdown-here,fda88684a19178850f2210309e6c6ae5ff408cc5,src/common/options-iframe.js
markdown-here,fda88684a19178850f2210309e6c6ae5ff408cc5,src/common/marked.js
markdown-here,fda88684a19178850f2210309e6c6ae5ff408cc5,src/common/markdown-here.js
markdown-here,fda88684a19178850f2210309e6c6ae5ff408cc5,src/common/mdh-html-to-text.js
markdown-here,fda88684a19178850f2210309e6c6ae5ff408cc5,src/common/utils.js
markdown-here,fda88684a19178850f2210309e6c6ae5ff408cc5,src/common/options-store.js
markdown-here,fda88684a19178850f2210309e6c6ae5ff408cc5,src/common/markdown-render.js
markdown-here,fda88684a19178850f2210309e6c6ae5ff408cc5,src/common/common-logic.js
markdown-here,fda88684a19178850f2210309e6c6ae5ff408cc5,src/common/highlightjs/highlight.js
markdown-here,fda88684a19178850f2210309e6c6ae5ff408cc5,src/common/vendor/jquery-1.9.1.js
markdown-here,fda88684a19178850f2210309e6c6ae5ff408cc5,src/chrome/backgroundscript.js
markdown-here,fda88684a19178850f2210309e6c6ae5ff408cc5,src/chrome/contentscript.js
markdown-here,5f5ee546ffc7b7da6b8de7db11bbf6f4dc3e9250,utils/i18n.js
markdown-here,5f5ee546ffc7b7da6b8de7db11bbf6f4dc3e9250,src/firefox/defaults/preferences/prefs.js
markdown-here,5f5ee546ffc7b7da6b8de7db11bbf6f4dc3e9250,src/firefox/chrome/content/ff-overlay.js
markdown-here,5f5ee546ffc7b7da6b8de7db11bbf6f4dc3e9250,src/firefox/chrome/content/background-services.js
markdown-here,5f5ee546ffc7b7da6b8de7db11bbf6f4dc3e9250,src/firefox/chrome/content/confirm-prompt.js
markdown-here,5f5ee546ffc7b7da6b8de7db11bbf6f4dc3e9250,src/common/jsHtmlToText.js
markdown-here,5f5ee546ffc7b7da6b8de7db11bbf6f4dc3e9250,src/common/options.js
markdown-here,5f5ee546ffc7b7da6b8de7db11bbf6f4dc3e9250,src/common/options-iframe.js
markdown-here,5f5ee546ffc7b7da6b8de7db11bbf6f4dc3e9250,src/common/marked.js
markdown-here,5f5ee546ffc7b7da6b8de7db11bbf6f4dc3e9250,src/common/markdown-here.js
markdown-here,5f5ee546ffc7b7da6b8de7db11bbf6f4dc3e9250,src/common/mdh-html-to-text.js
markdown-here,5f5ee546ffc7b7da6b8de7db11bbf6f4dc3e9250,src/common/utils.js
markdown-here,5f5ee546ffc7b7da6b8de7db11bbf6f4dc3e9250,src/common/options-store.js
markdown-here,5f5ee546ffc7b7da6b8de7db11bbf6f4dc3e9250,src/common/markdown-render.js
markdown-here,5f5ee546ffc7b7da6b8de7db11bbf6f4dc3e9250,src/common/common-logic.js
markdown-here,5f5ee546ffc7b7da6b8de7db11bbf6f4dc3e9250,src/common/highlightjs/highlight.js
markdown-here,5f5ee546ffc7b7da6b8de7db11bbf6f4dc3e9250,src/common/vendor/jquery-1.9.1.js
markdown-here,5f5ee546ffc7b7da6b8de7db11bbf6f4dc3e9250,src/chrome/backgroundscript.js
markdown-here,5f5ee546ffc7b7da6b8de7db11bbf6f4dc3e9250,src/chrome/contentscript.js
markdown-here,57412b75a79b777def3405906b28265186cea542,utils/i18n.js
markdown-here,57412b75a79b777def3405906b28265186cea542,src/firefox/defaults/preferences/prefs.js
markdown-here,57412b75a79b777def3405906b28265186cea542,src/firefox/chrome/content/ff-overlay.js
markdown-here,57412b75a79b777def3405906b28265186cea542,src/firefox/chrome/content/background-services.js
markdown-here,57412b75a79b777def3405906b28265186cea542,src/firefox/chrome/content/confirm-prompt.js
markdown-here,57412b75a79b777def3405906b28265186cea542,src/common/jsHtmlToText.js
markdown-here,57412b75a79b777def3405906b28265186cea542,src/common/options.js
markdown-here,57412b75a79b777def3405906b28265186cea542,src/common/options-iframe.js
markdown-here,57412b75a79b777def3405906b28265186cea542,src/common/marked.js
markdown-here,57412b75a79b777def3405906b28265186cea542,src/common/markdown-here.js
markdown-here,57412b75a79b777def3405906b28265186cea542,src/common/mdh-html-to-text.js
markdown-here,57412b75a79b777def3405906b28265186cea542,src/common/utils.js
markdown-here,57412b75a79b777def3405906b28265186cea542,src/common/options-store.js
markdown-here,57412b75a79b777def3405906b28265186cea542,src/common/markdown-render.js
markdown-here,57412b75a79b777def3405906b28265186cea542,src/common/common-logic.js
markdown-here,57412b75a79b777def3405906b28265186cea542,src/common/highlightjs/highlight.js
markdown-here,57412b75a79b777def3405906b28265186cea542,src/common/vendor/jquery-1.9.1.js
markdown-here,57412b75a79b777def3405906b28265186cea542,src/chrome/backgroundscript.js
markdown-here,57412b75a79b777def3405906b28265186cea542,src/chrome/contentscript.js
markdown-here,ba0ae60220bc51793d21c5dc34856ab5a048202e,utils/i18n.js
markdown-here,ba0ae60220bc51793d21c5dc34856ab5a048202e,src/firefox/defaults/preferences/prefs.js
markdown-here,ba0ae60220bc51793d21c5dc34856ab5a048202e,src/firefox/chrome/content/ff-overlay.js
markdown-here,ba0ae60220bc51793d21c5dc34856ab5a048202e,src/firefox/chrome/content/background-services.js
markdown-here,ba0ae60220bc51793d21c5dc34856ab5a048202e,src/firefox/chrome/content/confirm-prompt.js
markdown-here,ba0ae60220bc51793d21c5dc34856ab5a048202e,src/common/jsHtmlToText.js
markdown-here,ba0ae60220bc51793d21c5dc34856ab5a048202e,src/common/options.js
markdown-here,ba0ae60220bc51793d21c5dc34856ab5a048202e,src/common/options-iframe.js
markdown-here,ba0ae60220bc51793d21c5dc34856ab5a048202e,src/common/marked.js
markdown-here,ba0ae60220bc51793d21c5dc34856ab5a048202e,src/common/markdown-here.js
markdown-here,ba0ae60220bc51793d21c5dc34856ab5a048202e,src/common/mdh-html-to-text.js
markdown-here,ba0ae60220bc51793d21c5dc34856ab5a048202e,src/common/utils.js
markdown-here,ba0ae60220bc51793d21c5dc34856ab5a048202e,src/common/options-store.js
markdown-here,ba0ae60220bc51793d21c5dc34856ab5a048202e,src/common/markdown-render.js
markdown-here,ba0ae60220bc51793d21c5dc34856ab5a048202e,src/common/common-logic.js
markdown-here,ba0ae60220bc51793d21c5dc34856ab5a048202e,src/common/highlightjs/highlight.js
markdown-here,ba0ae60220bc51793d21c5dc34856ab5a048202e,src/common/vendor/jquery-1.9.1.js
markdown-here,ba0ae60220bc51793d21c5dc34856ab5a048202e,src/chrome/backgroundscript.js
markdown-here,ba0ae60220bc51793d21c5dc34856ab5a048202e,src/chrome/contentscript.js
markdown-here,39a0b26e537b8d86d2ec83792f4ca2a350358e6b,utils/build.js
markdown-here,39a0b26e537b8d86d2ec83792f4ca2a350358e6b,utils/i18n.js
markdown-here,39a0b26e537b8d86d2ec83792f4ca2a350358e6b,src/firefox/defaults/preferences/prefs.js
markdown-here,39a0b26e537b8d86d2ec83792f4ca2a350358e6b,src/firefox/chrome/content/ff-overlay.js
markdown-here,39a0b26e537b8d86d2ec83792f4ca2a350358e6b,src/firefox/chrome/content/background-services.js
markdown-here,39a0b26e537b8d86d2ec83792f4ca2a350358e6b,src/firefox/chrome/content/confirm-prompt.js
markdown-here,39a0b26e537b8d86d2ec83792f4ca2a350358e6b,src/common/jsHtmlToText.js
markdown-here,39a0b26e537b8d86d2ec83792f4ca2a350358e6b,src/common/options.js
markdown-here,39a0b26e537b8d86d2ec83792f4ca2a350358e6b,src/common/options-iframe.js
markdown-here,39a0b26e537b8d86d2ec83792f4ca2a350358e6b,src/common/marked.js
markdown-here,39a0b26e537b8d86d2ec83792f4ca2a350358e6b,src/common/markdown-here.js
markdown-here,39a0b26e537b8d86d2ec83792f4ca2a350358e6b,src/common/mdh-html-to-text.js
markdown-here,39a0b26e537b8d86d2ec83792f4ca2a350358e6b,src/common/utils.js
markdown-here,39a0b26e537b8d86d2ec83792f4ca2a350358e6b,src/common/options-store.js
markdown-here,39a0b26e537b8d86d2ec83792f4ca2a350358e6b,src/common/markdown-render.js
markdown-here,39a0b26e537b8d86d2ec83792f4ca2a350358e6b,src/common/common-logic.js
markdown-here,39a0b26e537b8d86d2ec83792f4ca2a350358e6b,src/common/highlightjs/highlight.js
markdown-here,39a0b26e537b8d86d2ec83792f4ca2a350358e6b,src/common/vendor/jquery-1.9.1.js
markdown-here,39a0b26e537b8d86d2ec83792f4ca2a350358e6b,src/chrome/backgroundscript.js
markdown-here,39a0b26e537b8d86d2ec83792f4ca2a350358e6b,src/chrome/contentscript.js
markdown-here,a01e82337aaf652b563892ade605caeb6ba7d9d2,utils/build.js
markdown-here,a01e82337aaf652b563892ade605caeb6ba7d9d2,utils/i18n.js
markdown-here,a01e82337aaf652b563892ade605caeb6ba7d9d2,src/firefox/defaults/preferences/prefs.js
markdown-here,a01e82337aaf652b563892ade605caeb6ba7d9d2,src/firefox/chrome/content/ff-overlay.js
markdown-here,a01e82337aaf652b563892ade605caeb6ba7d9d2,src/firefox/chrome/content/background-services.js
markdown-here,a01e82337aaf652b563892ade605caeb6ba7d9d2,src/firefox/chrome/content/confirm-prompt.js
markdown-here,a01e82337aaf652b563892ade605caeb6ba7d9d2,src/common/jsHtmlToText.js
markdown-here,a01e82337aaf652b563892ade605caeb6ba7d9d2,src/common/options.js
markdown-here,a01e82337aaf652b563892ade605caeb6ba7d9d2,src/common/options-iframe.js
markdown-here,a01e82337aaf652b563892ade605caeb6ba7d9d2,src/common/marked.js
markdown-here,a01e82337aaf652b563892ade605caeb6ba7d9d2,src/common/markdown-here.js
markdown-here,a01e82337aaf652b563892ade605caeb6ba7d9d2,src/common/mdh-html-to-text.js
markdown-here,a01e82337aaf652b563892ade605caeb6ba7d9d2,src/common/utils.js
markdown-here,a01e82337aaf652b563892ade605caeb6ba7d9d2,src/common/options-store.js
markdown-here,a01e82337aaf652b563892ade605caeb6ba7d9d2,src/common/markdown-render.js
markdown-here,a01e82337aaf652b563892ade605caeb6ba7d9d2,src/common/common-logic.js
markdown-here,a01e82337aaf652b563892ade605caeb6ba7d9d2,src/common/highlightjs/highlight.js
markdown-here,a01e82337aaf652b563892ade605caeb6ba7d9d2,src/common/vendor/jquery-1.9.1.js
markdown-here,a01e82337aaf652b563892ade605caeb6ba7d9d2,src/chrome/backgroundscript.js
markdown-here,a01e82337aaf652b563892ade605caeb6ba7d9d2,src/chrome/contentscript.js
markdown-here,7416b59b95fb1cfaf5ea3da3b1da4575ee23aed7,utils/build.js
markdown-here,7416b59b95fb1cfaf5ea3da3b1da4575ee23aed7,utils/i18n.js
markdown-here,7416b59b95fb1cfaf5ea3da3b1da4575ee23aed7,src/firefox/defaults/preferences/prefs.js
markdown-here,7416b59b95fb1cfaf5ea3da3b1da4575ee23aed7,src/firefox/chrome/content/ff-overlay.js
markdown-here,7416b59b95fb1cfaf5ea3da3b1da4575ee23aed7,src/firefox/chrome/content/background-services.js
markdown-here,7416b59b95fb1cfaf5ea3da3b1da4575ee23aed7,src/firefox/chrome/content/confirm-prompt.js
markdown-here,7416b59b95fb1cfaf5ea3da3b1da4575ee23aed7,src/common/jsHtmlToText.js
markdown-here,7416b59b95fb1cfaf5ea3da3b1da4575ee23aed7,src/common/options.js
markdown-here,7416b59b95fb1cfaf5ea3da3b1da4575ee23aed7,src/common/options-iframe.js
markdown-here,7416b59b95fb1cfaf5ea3da3b1da4575ee23aed7,src/common/marked.js
markdown-here,7416b59b95fb1cfaf5ea3da3b1da4575ee23aed7,src/common/markdown-here.js
markdown-here,7416b59b95fb1cfaf5ea3da3b1da4575ee23aed7,src/common/mdh-html-to-text.js
markdown-here,7416b59b95fb1cfaf5ea3da3b1da4575ee23aed7,src/common/utils.js
markdown-here,7416b59b95fb1cfaf5ea3da3b1da4575ee23aed7,src/common/options-store.js
markdown-here,7416b59b95fb1cfaf5ea3da3b1da4575ee23aed7,src/common/markdown-render.js
markdown-here,7416b59b95fb1cfaf5ea3da3b1da4575ee23aed7,src/common/common-logic.js
markdown-here,7416b59b95fb1cfaf5ea3da3b1da4575ee23aed7,src/common/highlightjs/highlight.js
markdown-here,7416b59b95fb1cfaf5ea3da3b1da4575ee23aed7,src/common/vendor/jquery-1.9.1.js
markdown-here,7416b59b95fb1cfaf5ea3da3b1da4575ee23aed7,src/chrome/backgroundscript.js
markdown-here,7416b59b95fb1cfaf5ea3da3b1da4575ee23aed7,src/chrome/contentscript.js
markdown-here,209aab8b6e03142b94d62b2e39a14d626fd54368,utils/build.js
markdown-here,209aab8b6e03142b94d62b2e39a14d626fd54368,utils/i18n.js
markdown-here,209aab8b6e03142b94d62b2e39a14d626fd54368,src/firefox/defaults/preferences/prefs.js
markdown-here,209aab8b6e03142b94d62b2e39a14d626fd54368,src/firefox/chrome/content/ff-overlay.js
markdown-here,209aab8b6e03142b94d62b2e39a14d626fd54368,src/firefox/chrome/content/background-services.js
markdown-here,209aab8b6e03142b94d62b2e39a14d626fd54368,src/firefox/chrome/content/confirm-prompt.js
markdown-here,209aab8b6e03142b94d62b2e39a14d626fd54368,src/common/jsHtmlToText.js
markdown-here,209aab8b6e03142b94d62b2e39a14d626fd54368,src/common/options.js
markdown-here,209aab8b6e03142b94d62b2e39a14d626fd54368,src/common/options-iframe.js
markdown-here,209aab8b6e03142b94d62b2e39a14d626fd54368,src/common/marked.js
markdown-here,209aab8b6e03142b94d62b2e39a14d626fd54368,src/common/markdown-here.js
markdown-here,209aab8b6e03142b94d62b2e39a14d626fd54368,src/common/mdh-html-to-text.js
markdown-here,209aab8b6e03142b94d62b2e39a14d626fd54368,src/common/utils.js
markdown-here,209aab8b6e03142b94d62b2e39a14d626fd54368,src/common/options-store.js
markdown-here,209aab8b6e03142b94d62b2e39a14d626fd54368,src/common/markdown-render.js
markdown-here,209aab8b6e03142b94d62b2e39a14d626fd54368,src/common/common-logic.js
markdown-here,209aab8b6e03142b94d62b2e39a14d626fd54368,src/common/highlightjs/highlight.js
markdown-here,209aab8b6e03142b94d62b2e39a14d626fd54368,src/common/vendor/jquery-1.9.1.js
markdown-here,209aab8b6e03142b94d62b2e39a14d626fd54368,src/chrome/backgroundscript.js
markdown-here,209aab8b6e03142b94d62b2e39a14d626fd54368,src/chrome/contentscript.js
markdown-here,e254b5fde08e5c7798eda96d0e0885615fbdec71,utils/build.js
markdown-here,e254b5fde08e5c7798eda96d0e0885615fbdec71,utils/i18n.js
markdown-here,e254b5fde08e5c7798eda96d0e0885615fbdec71,src/firefox/defaults/preferences/prefs.js
markdown-here,e254b5fde08e5c7798eda96d0e0885615fbdec71,src/firefox/chrome/content/ff-overlay.js
markdown-here,e254b5fde08e5c7798eda96d0e0885615fbdec71,src/firefox/chrome/content/background-services.js
markdown-here,e254b5fde08e5c7798eda96d0e0885615fbdec71,src/firefox/chrome/content/confirm-prompt.js
markdown-here,e254b5fde08e5c7798eda96d0e0885615fbdec71,src/common/jsHtmlToText.js
markdown-here,e254b5fde08e5c7798eda96d0e0885615fbdec71,src/common/options.js
markdown-here,e254b5fde08e5c7798eda96d0e0885615fbdec71,src/common/options-iframe.js
markdown-here,e254b5fde08e5c7798eda96d0e0885615fbdec71,src/common/marked.js
markdown-here,e254b5fde08e5c7798eda96d0e0885615fbdec71,src/common/markdown-here.js
markdown-here,e254b5fde08e5c7798eda96d0e0885615fbdec71,src/common/mdh-html-to-text.js
markdown-here,e254b5fde08e5c7798eda96d0e0885615fbdec71,src/common/utils.js
markdown-here,e254b5fde08e5c7798eda96d0e0885615fbdec71,src/common/options-store.js
markdown-here,e254b5fde08e5c7798eda96d0e0885615fbdec71,src/common/markdown-render.js
markdown-here,e254b5fde08e5c7798eda96d0e0885615fbdec71,src/common/common-logic.js
markdown-here,e254b5fde08e5c7798eda96d0e0885615fbdec71,src/common/highlightjs/highlight.js
markdown-here,e254b5fde08e5c7798eda96d0e0885615fbdec71,src/common/vendor/jquery-3.2.1.slim.min.js
markdown-here,e254b5fde08e5c7798eda96d0e0885615fbdec71,src/chrome/backgroundscript.js
markdown-here,e254b5fde08e5c7798eda96d0e0885615fbdec71,src/chrome/contentscript.js
markdown-here,78febfcaefd922fd98e0910d75da8cb26494fdd8,utils/build.js
markdown-here,78febfcaefd922fd98e0910d75da8cb26494fdd8,utils/i18n.js
markdown-here,78febfcaefd922fd98e0910d75da8cb26494fdd8,src/firefox/defaults/preferences/prefs.js
markdown-here,78febfcaefd922fd98e0910d75da8cb26494fdd8,src/firefox/chrome/content/ff-overlay.js
markdown-here,78febfcaefd922fd98e0910d75da8cb26494fdd8,src/firefox/chrome/content/background-services.js
markdown-here,78febfcaefd922fd98e0910d75da8cb26494fdd8,src/firefox/chrome/content/confirm-prompt.js
markdown-here,78febfcaefd922fd98e0910d75da8cb26494fdd8,src/common/jsHtmlToText.js
markdown-here,78febfcaefd922fd98e0910d75da8cb26494fdd8,src/common/options.js
markdown-here,78febfcaefd922fd98e0910d75da8cb26494fdd8,src/common/options-iframe.js
markdown-here,78febfcaefd922fd98e0910d75da8cb26494fdd8,src/common/marked.js
markdown-here,78febfcaefd922fd98e0910d75da8cb26494fdd8,src/common/markdown-here.js
markdown-here,78febfcaefd922fd98e0910d75da8cb26494fdd8,src/common/mdh-html-to-text.js
markdown-here,78febfcaefd922fd98e0910d75da8cb26494fdd8,src/common/utils.js
markdown-here,78febfcaefd922fd98e0910d75da8cb26494fdd8,src/common/options-store.js
markdown-here,78febfcaefd922fd98e0910d75da8cb26494fdd8,src/common/markdown-render.js
markdown-here,78febfcaefd922fd98e0910d75da8cb26494fdd8,src/common/common-logic.js
markdown-here,78febfcaefd922fd98e0910d75da8cb26494fdd8,src/common/highlightjs/highlight.js
markdown-here,78febfcaefd922fd98e0910d75da8cb26494fdd8,src/common/vendor/jquery-3.2.1.slim.min.js
markdown-here,78febfcaefd922fd98e0910d75da8cb26494fdd8,src/chrome/backgroundscript.js
markdown-here,78febfcaefd922fd98e0910d75da8cb26494fdd8,src/chrome/contentscript.js
markdown-here,1df5aee09cae90e2991db4e9cfb8c1b65a3c1898,utils/build.js
markdown-here,1df5aee09cae90e2991db4e9cfb8c1b65a3c1898,utils/i18n.js
markdown-here,1df5aee09cae90e2991db4e9cfb8c1b65a3c1898,src/firefox/defaults/preferences/prefs.js
markdown-here,1df5aee09cae90e2991db4e9cfb8c1b65a3c1898,src/firefox/chrome/content/ff-overlay.js
markdown-here,1df5aee09cae90e2991db4e9cfb8c1b65a3c1898,src/firefox/chrome/content/background-services.js
markdown-here,1df5aee09cae90e2991db4e9cfb8c1b65a3c1898,src/firefox/chrome/content/confirm-prompt.js
markdown-here,1df5aee09cae90e2991db4e9cfb8c1b65a3c1898,src/common/jsHtmlToText.js
markdown-here,1df5aee09cae90e2991db4e9cfb8c1b65a3c1898,src/common/options.js
markdown-here,1df5aee09cae90e2991db4e9cfb8c1b65a3c1898,src/common/options-iframe.js
markdown-here,1df5aee09cae90e2991db4e9cfb8c1b65a3c1898,src/common/marked.js
markdown-here,1df5aee09cae90e2991db4e9cfb8c1b65a3c1898,src/common/markdown-here.js
markdown-here,1df5aee09cae90e2991db4e9cfb8c1b65a3c1898,src/common/mdh-html-to-text.js
markdown-here,1df5aee09cae90e2991db4e9cfb8c1b65a3c1898,src/common/utils.js
markdown-here,1df5aee09cae90e2991db4e9cfb8c1b65a3c1898,src/common/options-store.js
markdown-here,1df5aee09cae90e2991db4e9cfb8c1b65a3c1898,src/common/markdown-render.js
markdown-here,1df5aee09cae90e2991db4e9cfb8c1b65a3c1898,src/common/common-logic.js
markdown-here,1df5aee09cae90e2991db4e9cfb8c1b65a3c1898,src/common/highlightjs/highlight.js
markdown-here,1df5aee09cae90e2991db4e9cfb8c1b65a3c1898,src/common/vendor/jquery-3.2.1.slim.min.js
markdown-here,1df5aee09cae90e2991db4e9cfb8c1b65a3c1898,src/chrome/backgroundscript.js
markdown-here,1df5aee09cae90e2991db4e9cfb8c1b65a3c1898,src/chrome/contentscript.js
