project,commit_hash,file_name,language
react-redux,1c714abc17633c62363491d6819298810c774b5d,prepublish.js,javascript
react-redux,1c714abc17633c62363491d6819298810c774b5d,webpack.config.js,javascript
react-redux,1c714abc17633c62363491d6819298810c774b5d,test/setup.js,javascript
react-redux,1c714abc17633c62363491d6819298810c774b5d,test/utils/shallowEqual.spec.js,javascript
react-redux,1c714abc17633c62363491d6819298810c774b5d,test/utils/wrapActionCreators.spec.js,javascript
react-redux,1c714abc17633c62363491d6819298810c774b5d,test/components/connect.spec.js,javascript
react-redux,1c714abc17633c62363491d6819298810c774b5d,test/components/Provider.spec.js,javascript
react-redux,1c714abc17633c62363491d6819298810c774b5d,build/use-lodash-es.js,javascript
react-redux,1c714abc17633c62363491d6819298810c774b5d,src/index.js,javascript
react-redux,1c714abc17633c62363491d6819298810c774b5d,src/utils/warning.js,javascript
react-redux,1c714abc17633c62363491d6819298810c774b5d,src/utils/shallowEqual.js,javascript
react-redux,1c714abc17633c62363491d6819298810c774b5d,src/utils/verifyPlainObject.js,javascript
react-redux,1c714abc17633c62363491d6819298810c774b5d,src/utils/wrapActionCreators.js,javascript
react-redux,1c714abc17633c62363491d6819298810c774b5d,src/utils/Subscription.js,javascript
react-redux,1c714abc17633c62363491d6819298810c774b5d,src/utils/PropTypes.js,javascript
react-redux,1c714abc17633c62363491d6819298810c774b5d,src/components/Provider.js,javascript
react-redux,1c714abc17633c62363491d6819298810c774b5d,src/components/connectAdvanced.js,javascript
react-redux,1c714abc17633c62363491d6819298810c774b5d,src/connect/wrapMapToProps.js,javascript
react-redux,1c714abc17633c62363491d6819298810c774b5d,src/connect/mergeProps.js,javascript
react-redux,1c714abc17633c62363491d6819298810c774b5d,src/connect/verifySubselectors.js,javascript
react-redux,1c714abc17633c62363491d6819298810c774b5d,src/connect/mapDispatchToProps.js,javascript
react-redux,1c714abc17633c62363491d6819298810c774b5d,src/connect/connect.js,javascript
react-redux,1c714abc17633c62363491d6819298810c774b5d,src/connect/mapStateToProps.js,javascript
react-redux,1c714abc17633c62363491d6819298810c774b5d,src/connect/selectorFactory.js,javascript
react-redux,85145c2a8d3e0d49eb90fe561141ad57530a2603,prepublish.js,javascript
react-redux,85145c2a8d3e0d49eb90fe561141ad57530a2603,webpack.config.js,javascript
react-redux,85145c2a8d3e0d49eb90fe561141ad57530a2603,test/setup.js,javascript
react-redux,85145c2a8d3e0d49eb90fe561141ad57530a2603,test/utils/shallowEqual.spec.js,javascript
react-redux,85145c2a8d3e0d49eb90fe561141ad57530a2603,test/utils/wrapActionCreators.spec.js,javascript
react-redux,85145c2a8d3e0d49eb90fe561141ad57530a2603,test/components/connect.spec.js,javascript
react-redux,85145c2a8d3e0d49eb90fe561141ad57530a2603,test/components/Provider.spec.js,javascript
react-redux,85145c2a8d3e0d49eb90fe561141ad57530a2603,build/use-lodash-es.js,javascript
react-redux,85145c2a8d3e0d49eb90fe561141ad57530a2603,src/index.js,javascript
react-redux,85145c2a8d3e0d49eb90fe561141ad57530a2603,src/utils/warning.js,javascript
react-redux,85145c2a8d3e0d49eb90fe561141ad57530a2603,src/utils/shallowEqual.js,javascript
react-redux,85145c2a8d3e0d49eb90fe561141ad57530a2603,src/utils/verifyPlainObject.js,javascript
react-redux,85145c2a8d3e0d49eb90fe561141ad57530a2603,src/utils/wrapActionCreators.js,javascript
react-redux,85145c2a8d3e0d49eb90fe561141ad57530a2603,src/utils/Subscription.js,javascript
react-redux,85145c2a8d3e0d49eb90fe561141ad57530a2603,src/utils/PropTypes.js,javascript
react-redux,85145c2a8d3e0d49eb90fe561141ad57530a2603,src/components/Provider.js,javascript
react-redux,85145c2a8d3e0d49eb90fe561141ad57530a2603,src/components/connectAdvanced.js,javascript
react-redux,85145c2a8d3e0d49eb90fe561141ad57530a2603,src/connect/wrapMapToProps.js,javascript
react-redux,85145c2a8d3e0d49eb90fe561141ad57530a2603,src/connect/mergeProps.js,javascript
react-redux,85145c2a8d3e0d49eb90fe561141ad57530a2603,src/connect/verifySubselectors.js,javascript
react-redux,85145c2a8d3e0d49eb90fe561141ad57530a2603,src/connect/mapDispatchToProps.js,javascript
react-redux,85145c2a8d3e0d49eb90fe561141ad57530a2603,src/connect/connect.js,javascript
react-redux,85145c2a8d3e0d49eb90fe561141ad57530a2603,src/connect/mapStateToProps.js,javascript
react-redux,85145c2a8d3e0d49eb90fe561141ad57530a2603,src/connect/selectorFactory.js,javascript
react-redux,c08df41245b022118a7c8ffaffbc13b5d847d0fd,rollup.config.js,javascript
react-redux,c08df41245b022118a7c8ffaffbc13b5d847d0fd,test/setup.js,javascript
react-redux,c08df41245b022118a7c8ffaffbc13b5d847d0fd,test/utils/shallowEqual.spec.js,javascript
react-redux,c08df41245b022118a7c8ffaffbc13b5d847d0fd,test/utils/wrapActionCreators.spec.js,javascript
react-redux,c08df41245b022118a7c8ffaffbc13b5d847d0fd,test/components/connect.spec.js,javascript
react-redux,c08df41245b022118a7c8ffaffbc13b5d847d0fd,test/components/Provider.spec.js,javascript
react-redux,c08df41245b022118a7c8ffaffbc13b5d847d0fd,build/use-lodash-es.js,javascript
react-redux,c08df41245b022118a7c8ffaffbc13b5d847d0fd,src/index.js,javascript
react-redux,c08df41245b022118a7c8ffaffbc13b5d847d0fd,src/utils/warning.js,javascript
react-redux,c08df41245b022118a7c8ffaffbc13b5d847d0fd,src/utils/shallowEqual.js,javascript
react-redux,c08df41245b022118a7c8ffaffbc13b5d847d0fd,src/utils/verifyPlainObject.js,javascript
react-redux,c08df41245b022118a7c8ffaffbc13b5d847d0fd,src/utils/wrapActionCreators.js,javascript
react-redux,c08df41245b022118a7c8ffaffbc13b5d847d0fd,src/utils/Subscription.js,javascript
react-redux,c08df41245b022118a7c8ffaffbc13b5d847d0fd,src/utils/PropTypes.js,javascript
react-redux,c08df41245b022118a7c8ffaffbc13b5d847d0fd,src/components/Provider.js,javascript
react-redux,c08df41245b022118a7c8ffaffbc13b5d847d0fd,src/components/connectAdvanced.js,javascript
react-redux,c08df41245b022118a7c8ffaffbc13b5d847d0fd,src/connect/wrapMapToProps.js,javascript
react-redux,c08df41245b022118a7c8ffaffbc13b5d847d0fd,src/connect/mergeProps.js,javascript
react-redux,c08df41245b022118a7c8ffaffbc13b5d847d0fd,src/connect/verifySubselectors.js,javascript
react-redux,c08df41245b022118a7c8ffaffbc13b5d847d0fd,src/connect/mapDispatchToProps.js,javascript
react-redux,c08df41245b022118a7c8ffaffbc13b5d847d0fd,src/connect/connect.js,javascript
react-redux,c08df41245b022118a7c8ffaffbc13b5d847d0fd,src/connect/mapStateToProps.js,javascript
react-redux,c08df41245b022118a7c8ffaffbc13b5d847d0fd,src/connect/selectorFactory.js,javascript
react-redux,58b4da690aefcfb341b21d21a5f5248661f7c0b1,rollup.config.js,javascript
react-redux,58b4da690aefcfb341b21d21a5f5248661f7c0b1,test/setup.js,javascript
react-redux,58b4da690aefcfb341b21d21a5f5248661f7c0b1,test/utils/shallowEqual.spec.js,javascript
react-redux,58b4da690aefcfb341b21d21a5f5248661f7c0b1,test/utils/wrapActionCreators.spec.js,javascript
react-redux,58b4da690aefcfb341b21d21a5f5248661f7c0b1,test/components/connect.spec.js,javascript
react-redux,58b4da690aefcfb341b21d21a5f5248661f7c0b1,test/components/Provider.spec.js,javascript
react-redux,58b4da690aefcfb341b21d21a5f5248661f7c0b1,build/use-lodash-es.js,javascript
react-redux,58b4da690aefcfb341b21d21a5f5248661f7c0b1,src/index.js,javascript
react-redux,58b4da690aefcfb341b21d21a5f5248661f7c0b1,src/utils/warning.js,javascript
react-redux,58b4da690aefcfb341b21d21a5f5248661f7c0b1,src/utils/shallowEqual.js,javascript
react-redux,58b4da690aefcfb341b21d21a5f5248661f7c0b1,src/utils/verifyPlainObject.js,javascript
react-redux,58b4da690aefcfb341b21d21a5f5248661f7c0b1,src/utils/wrapActionCreators.js,javascript
react-redux,58b4da690aefcfb341b21d21a5f5248661f7c0b1,src/utils/Subscription.js,javascript
react-redux,58b4da690aefcfb341b21d21a5f5248661f7c0b1,src/utils/PropTypes.js,javascript
react-redux,58b4da690aefcfb341b21d21a5f5248661f7c0b1,src/components/Provider.js,javascript
react-redux,58b4da690aefcfb341b21d21a5f5248661f7c0b1,src/components/connectAdvanced.js,javascript
react-redux,58b4da690aefcfb341b21d21a5f5248661f7c0b1,src/connect/wrapMapToProps.js,javascript
react-redux,58b4da690aefcfb341b21d21a5f5248661f7c0b1,src/connect/mergeProps.js,javascript
react-redux,58b4da690aefcfb341b21d21a5f5248661f7c0b1,src/connect/verifySubselectors.js,javascript
react-redux,58b4da690aefcfb341b21d21a5f5248661f7c0b1,src/connect/mapDispatchToProps.js,javascript
react-redux,58b4da690aefcfb341b21d21a5f5248661f7c0b1,src/connect/connect.js,javascript
react-redux,58b4da690aefcfb341b21d21a5f5248661f7c0b1,src/connect/mapStateToProps.js,javascript
react-redux,58b4da690aefcfb341b21d21a5f5248661f7c0b1,src/connect/selectorFactory.js,javascript
react-redux,c1b9d36e078836374fe833a6eb2a8f0de0ad1e30,rollup.config.js,javascript
react-redux,c1b9d36e078836374fe833a6eb2a8f0de0ad1e30,test/setup.js,javascript
react-redux,c1b9d36e078836374fe833a6eb2a8f0de0ad1e30,test/utils/shallowEqual.spec.js,javascript
react-redux,c1b9d36e078836374fe833a6eb2a8f0de0ad1e30,test/utils/wrapActionCreators.spec.js,javascript
react-redux,c1b9d36e078836374fe833a6eb2a8f0de0ad1e30,test/components/connect.spec.js,javascript
react-redux,c1b9d36e078836374fe833a6eb2a8f0de0ad1e30,test/components/Provider.spec.js,javascript
react-redux,c1b9d36e078836374fe833a6eb2a8f0de0ad1e30,build/use-lodash-es.js,javascript
react-redux,c1b9d36e078836374fe833a6eb2a8f0de0ad1e30,src/index.js,javascript
react-redux,c1b9d36e078836374fe833a6eb2a8f0de0ad1e30,src/utils/warning.js,javascript
react-redux,c1b9d36e078836374fe833a6eb2a8f0de0ad1e30,src/utils/shallowEqual.js,javascript
react-redux,c1b9d36e078836374fe833a6eb2a8f0de0ad1e30,src/utils/verifyPlainObject.js,javascript
react-redux,c1b9d36e078836374fe833a6eb2a8f0de0ad1e30,src/utils/wrapActionCreators.js,javascript
react-redux,c1b9d36e078836374fe833a6eb2a8f0de0ad1e30,src/utils/Subscription.js,javascript
react-redux,c1b9d36e078836374fe833a6eb2a8f0de0ad1e30,src/utils/PropTypes.js,javascript
react-redux,c1b9d36e078836374fe833a6eb2a8f0de0ad1e30,src/components/Provider.js,javascript
react-redux,c1b9d36e078836374fe833a6eb2a8f0de0ad1e30,src/components/connectAdvanced.js,javascript
react-redux,c1b9d36e078836374fe833a6eb2a8f0de0ad1e30,src/connect/wrapMapToProps.js,javascript
react-redux,c1b9d36e078836374fe833a6eb2a8f0de0ad1e30,src/connect/mergeProps.js,javascript
react-redux,c1b9d36e078836374fe833a6eb2a8f0de0ad1e30,src/connect/verifySubselectors.js,javascript
react-redux,c1b9d36e078836374fe833a6eb2a8f0de0ad1e30,src/connect/mapDispatchToProps.js,javascript
react-redux,c1b9d36e078836374fe833a6eb2a8f0de0ad1e30,src/connect/connect.js,javascript
react-redux,c1b9d36e078836374fe833a6eb2a8f0de0ad1e30,src/connect/mapStateToProps.js,javascript
react-redux,c1b9d36e078836374fe833a6eb2a8f0de0ad1e30,src/connect/selectorFactory.js,javascript
react-redux,b245f83da57150771bdf4ca04ba351cabe4247c8,.babelrc.js,javascript
react-redux,b245f83da57150771bdf4ca04ba351cabe4247c8,rollup.config.js,javascript
react-redux,b245f83da57150771bdf4ca04ba351cabe4247c8,test/install-test-deps.js,javascript
react-redux,b245f83da57150771bdf4ca04ba351cabe4247c8,test/babel-transformer.jest.js,javascript
react-redux,b245f83da57150771bdf4ca04ba351cabe4247c8,test/run-tests.js,javascript
react-redux,b245f83da57150771bdf4ca04ba351cabe4247c8,test/utils/isPlainObject.spec.js,javascript
react-redux,b245f83da57150771bdf4ca04ba351cabe4247c8,test/utils/shallowEqual.spec.js,javascript
react-redux,b245f83da57150771bdf4ca04ba351cabe4247c8,test/utils/wrapActionCreators.spec.js,javascript
react-redux,b245f83da57150771bdf4ca04ba351cabe4247c8,test/components/connect.spec.js,javascript
react-redux,b245f83da57150771bdf4ca04ba351cabe4247c8,test/components/Provider.spec.js,javascript
react-redux,b245f83da57150771bdf4ca04ba351cabe4247c8,website/siteConfig.js,javascript
react-redux,b245f83da57150771bdf4ca04ba351cabe4247c8,website/core/Footer.js,javascript
react-redux,b245f83da57150771bdf4ca04ba351cabe4247c8,website/pages/en/index.js,javascript
react-redux,b245f83da57150771bdf4ca04ba351cabe4247c8,src/index.js,javascript
react-redux,b245f83da57150771bdf4ca04ba351cabe4247c8,src/utils/warning.js,javascript
react-redux,b245f83da57150771bdf4ca04ba351cabe4247c8,src/utils/shallowEqual.js,javascript
react-redux,b245f83da57150771bdf4ca04ba351cabe4247c8,src/utils/verifyPlainObject.js,javascript
react-redux,b245f83da57150771bdf4ca04ba351cabe4247c8,src/utils/wrapActionCreators.js,javascript
react-redux,b245f83da57150771bdf4ca04ba351cabe4247c8,src/utils/Subscription.js,javascript
react-redux,b245f83da57150771bdf4ca04ba351cabe4247c8,src/utils/PropTypes.js,javascript
react-redux,b245f83da57150771bdf4ca04ba351cabe4247c8,src/utils/isPlainObject.js,javascript
react-redux,b245f83da57150771bdf4ca04ba351cabe4247c8,src/components/Provider.js,javascript
react-redux,b245f83da57150771bdf4ca04ba351cabe4247c8,src/components/connectAdvanced.js,javascript
react-redux,b245f83da57150771bdf4ca04ba351cabe4247c8,src/connect/wrapMapToProps.js,javascript
react-redux,b245f83da57150771bdf4ca04ba351cabe4247c8,src/connect/mergeProps.js,javascript
react-redux,b245f83da57150771bdf4ca04ba351cabe4247c8,src/connect/verifySubselectors.js,javascript
react-redux,b245f83da57150771bdf4ca04ba351cabe4247c8,src/connect/mapDispatchToProps.js,javascript
react-redux,b245f83da57150771bdf4ca04ba351cabe4247c8,src/connect/connect.js,javascript
react-redux,b245f83da57150771bdf4ca04ba351cabe4247c8,src/connect/mapStateToProps.js,javascript
react-redux,b245f83da57150771bdf4ca04ba351cabe4247c8,src/connect/selectorFactory.js,javascript
react-redux,5cdb83a91ca0ad4414a978f56eb34392a1e3f9df,.babelrc.js,javascript
react-redux,5cdb83a91ca0ad4414a978f56eb34392a1e3f9df,rollup.config.js,javascript
react-redux,5cdb83a91ca0ad4414a978f56eb34392a1e3f9df,test/install-test-deps.js,javascript
react-redux,5cdb83a91ca0ad4414a978f56eb34392a1e3f9df,test/babel-transformer.jest.js,javascript
react-redux,5cdb83a91ca0ad4414a978f56eb34392a1e3f9df,test/run-tests.js,javascript
react-redux,5cdb83a91ca0ad4414a978f56eb34392a1e3f9df,test/utils/isPlainObject.spec.js,javascript
react-redux,5cdb83a91ca0ad4414a978f56eb34392a1e3f9df,test/utils/shallowEqual.spec.js,javascript
react-redux,5cdb83a91ca0ad4414a978f56eb34392a1e3f9df,test/utils/wrapActionCreators.spec.js,javascript
react-redux,5cdb83a91ca0ad4414a978f56eb34392a1e3f9df,test/components/connect.spec.js,javascript
react-redux,5cdb83a91ca0ad4414a978f56eb34392a1e3f9df,test/components/Provider.spec.js,javascript
react-redux,5cdb83a91ca0ad4414a978f56eb34392a1e3f9df,website/siteConfig.js,javascript
react-redux,5cdb83a91ca0ad4414a978f56eb34392a1e3f9df,website/core/Footer.js,javascript
react-redux,5cdb83a91ca0ad4414a978f56eb34392a1e3f9df,website/pages/en/index.js,javascript
react-redux,5cdb83a91ca0ad4414a978f56eb34392a1e3f9df,src/index.js,javascript
react-redux,5cdb83a91ca0ad4414a978f56eb34392a1e3f9df,src/utils/warning.js,javascript
react-redux,5cdb83a91ca0ad4414a978f56eb34392a1e3f9df,src/utils/shallowEqual.js,javascript
react-redux,5cdb83a91ca0ad4414a978f56eb34392a1e3f9df,src/utils/verifyPlainObject.js,javascript
react-redux,5cdb83a91ca0ad4414a978f56eb34392a1e3f9df,src/utils/wrapActionCreators.js,javascript
react-redux,5cdb83a91ca0ad4414a978f56eb34392a1e3f9df,src/utils/Subscription.js,javascript
react-redux,5cdb83a91ca0ad4414a978f56eb34392a1e3f9df,src/utils/PropTypes.js,javascript
react-redux,5cdb83a91ca0ad4414a978f56eb34392a1e3f9df,src/utils/isPlainObject.js,javascript
react-redux,5cdb83a91ca0ad4414a978f56eb34392a1e3f9df,src/components/Provider.js,javascript
react-redux,5cdb83a91ca0ad4414a978f56eb34392a1e3f9df,src/components/connectAdvanced.js,javascript
react-redux,5cdb83a91ca0ad4414a978f56eb34392a1e3f9df,src/connect/wrapMapToProps.js,javascript
react-redux,5cdb83a91ca0ad4414a978f56eb34392a1e3f9df,src/connect/mergeProps.js,javascript
react-redux,5cdb83a91ca0ad4414a978f56eb34392a1e3f9df,src/connect/verifySubselectors.js,javascript
react-redux,5cdb83a91ca0ad4414a978f56eb34392a1e3f9df,src/connect/mapDispatchToProps.js,javascript
react-redux,5cdb83a91ca0ad4414a978f56eb34392a1e3f9df,src/connect/connect.js,javascript
react-redux,5cdb83a91ca0ad4414a978f56eb34392a1e3f9df,src/connect/mapStateToProps.js,javascript
react-redux,5cdb83a91ca0ad4414a978f56eb34392a1e3f9df,src/connect/selectorFactory.js,javascript
react-redux,4be2626f288d36ed1b781bc8844a1355044a8f21,.babelrc.js,javascript
react-redux,4be2626f288d36ed1b781bc8844a1355044a8f21,rollup.config.js,javascript
react-redux,4be2626f288d36ed1b781bc8844a1355044a8f21,test/install-test-deps.js,javascript
react-redux,4be2626f288d36ed1b781bc8844a1355044a8f21,test/babel-transformer.jest.js,javascript
react-redux,4be2626f288d36ed1b781bc8844a1355044a8f21,test/run-tests.js,javascript
react-redux,4be2626f288d36ed1b781bc8844a1355044a8f21,test/utils/isPlainObject.spec.js,javascript
react-redux,4be2626f288d36ed1b781bc8844a1355044a8f21,test/utils/shallowEqual.spec.js,javascript
react-redux,4be2626f288d36ed1b781bc8844a1355044a8f21,test/utils/wrapActionCreators.spec.js,javascript
react-redux,4be2626f288d36ed1b781bc8844a1355044a8f21,test/components/connect.spec.js,javascript
react-redux,4be2626f288d36ed1b781bc8844a1355044a8f21,test/components/Provider.spec.js,javascript
react-redux,4be2626f288d36ed1b781bc8844a1355044a8f21,website/siteConfig.js,javascript
react-redux,4be2626f288d36ed1b781bc8844a1355044a8f21,website/core/Footer.js,javascript
react-redux,4be2626f288d36ed1b781bc8844a1355044a8f21,website/pages/en/index.js,javascript
react-redux,4be2626f288d36ed1b781bc8844a1355044a8f21,src/index.js,javascript
react-redux,4be2626f288d36ed1b781bc8844a1355044a8f21,src/utils/warning.js,javascript
react-redux,4be2626f288d36ed1b781bc8844a1355044a8f21,src/utils/shallowEqual.js,javascript
react-redux,4be2626f288d36ed1b781bc8844a1355044a8f21,src/utils/verifyPlainObject.js,javascript
react-redux,4be2626f288d36ed1b781bc8844a1355044a8f21,src/utils/wrapActionCreators.js,javascript
react-redux,4be2626f288d36ed1b781bc8844a1355044a8f21,src/utils/Subscription.js,javascript
react-redux,4be2626f288d36ed1b781bc8844a1355044a8f21,src/utils/PropTypes.js,javascript
react-redux,4be2626f288d36ed1b781bc8844a1355044a8f21,src/utils/isPlainObject.js,javascript
react-redux,4be2626f288d36ed1b781bc8844a1355044a8f21,src/components/Provider.js,javascript
react-redux,4be2626f288d36ed1b781bc8844a1355044a8f21,src/components/connectAdvanced.js,javascript
react-redux,4be2626f288d36ed1b781bc8844a1355044a8f21,src/connect/wrapMapToProps.js,javascript
react-redux,4be2626f288d36ed1b781bc8844a1355044a8f21,src/connect/mergeProps.js,javascript
react-redux,4be2626f288d36ed1b781bc8844a1355044a8f21,src/connect/verifySubselectors.js,javascript
react-redux,4be2626f288d36ed1b781bc8844a1355044a8f21,src/connect/mapDispatchToProps.js,javascript
react-redux,4be2626f288d36ed1b781bc8844a1355044a8f21,src/connect/connect.js,javascript
react-redux,4be2626f288d36ed1b781bc8844a1355044a8f21,src/connect/mapStateToProps.js,javascript
react-redux,4be2626f288d36ed1b781bc8844a1355044a8f21,src/connect/selectorFactory.js,javascript
react-redux,581ece46b8a4179587fe88a6d10000472acffee7,.babelrc.js,javascript
react-redux,581ece46b8a4179587fe88a6d10000472acffee7,rollup.config.js,javascript
react-redux,581ece46b8a4179587fe88a6d10000472acffee7,test/install-test-deps.js,javascript
react-redux,581ece46b8a4179587fe88a6d10000472acffee7,test/babel-transformer.jest.js,javascript
react-redux,581ece46b8a4179587fe88a6d10000472acffee7,test/run-tests.js,javascript
react-redux,581ece46b8a4179587fe88a6d10000472acffee7,test/utils/isPlainObject.spec.js,javascript
react-redux,581ece46b8a4179587fe88a6d10000472acffee7,test/utils/shallowEqual.spec.js,javascript
react-redux,581ece46b8a4179587fe88a6d10000472acffee7,test/utils/wrapActionCreators.spec.js,javascript
react-redux,581ece46b8a4179587fe88a6d10000472acffee7,test/components/connect.spec.js,javascript
react-redux,581ece46b8a4179587fe88a6d10000472acffee7,test/components/connectAdvanced.spec.js,javascript
react-redux,581ece46b8a4179587fe88a6d10000472acffee7,test/components/Provider.spec.js,javascript
react-redux,581ece46b8a4179587fe88a6d10000472acffee7,website/siteConfig.js,javascript
react-redux,581ece46b8a4179587fe88a6d10000472acffee7,website/core/Footer.js,javascript
react-redux,581ece46b8a4179587fe88a6d10000472acffee7,website/pages/en/index.js,javascript
react-redux,581ece46b8a4179587fe88a6d10000472acffee7,src/index.js,javascript
react-redux,581ece46b8a4179587fe88a6d10000472acffee7,src/utils/warning.js,javascript
react-redux,581ece46b8a4179587fe88a6d10000472acffee7,src/utils/shallowEqual.js,javascript
react-redux,581ece46b8a4179587fe88a6d10000472acffee7,src/utils/verifyPlainObject.js,javascript
react-redux,581ece46b8a4179587fe88a6d10000472acffee7,src/utils/wrapActionCreators.js,javascript
react-redux,581ece46b8a4179587fe88a6d10000472acffee7,src/utils/isPlainObject.js,javascript
react-redux,581ece46b8a4179587fe88a6d10000472acffee7,src/components/Provider.js,javascript
react-redux,581ece46b8a4179587fe88a6d10000472acffee7,src/components/connectAdvanced.js,javascript
react-redux,581ece46b8a4179587fe88a6d10000472acffee7,src/components/Context.js,javascript
react-redux,581ece46b8a4179587fe88a6d10000472acffee7,src/connect/wrapMapToProps.js,javascript
react-redux,581ece46b8a4179587fe88a6d10000472acffee7,src/connect/mergeProps.js,javascript
react-redux,581ece46b8a4179587fe88a6d10000472acffee7,src/connect/verifySubselectors.js,javascript
react-redux,581ece46b8a4179587fe88a6d10000472acffee7,src/connect/mapDispatchToProps.js,javascript
react-redux,581ece46b8a4179587fe88a6d10000472acffee7,src/connect/connect.js,javascript
react-redux,581ece46b8a4179587fe88a6d10000472acffee7,src/connect/mapStateToProps.js,javascript
react-redux,581ece46b8a4179587fe88a6d10000472acffee7,src/connect/selectorFactory.js,javascript
react-redux,162b81a3fffe75ff6181b711777067ba6e63a34b,.babelrc.js,javascript
react-redux,162b81a3fffe75ff6181b711777067ba6e63a34b,rollup.config.js,javascript
react-redux,162b81a3fffe75ff6181b711777067ba6e63a34b,test/install-test-deps.js,javascript
react-redux,162b81a3fffe75ff6181b711777067ba6e63a34b,test/babel-transformer.jest.js,javascript
react-redux,162b81a3fffe75ff6181b711777067ba6e63a34b,test/run-tests.js,javascript
react-redux,162b81a3fffe75ff6181b711777067ba6e63a34b,test/utils/isPlainObject.spec.js,javascript
react-redux,162b81a3fffe75ff6181b711777067ba6e63a34b,test/utils/shallowEqual.spec.js,javascript
react-redux,162b81a3fffe75ff6181b711777067ba6e63a34b,test/utils/wrapActionCreators.spec.js,javascript
react-redux,162b81a3fffe75ff6181b711777067ba6e63a34b,test/components/connect.spec.js,javascript
react-redux,162b81a3fffe75ff6181b711777067ba6e63a34b,test/components/connectAdvanced.spec.js,javascript
react-redux,162b81a3fffe75ff6181b711777067ba6e63a34b,test/components/Provider.spec.js,javascript
react-redux,162b81a3fffe75ff6181b711777067ba6e63a34b,website/siteConfig.js,javascript
react-redux,162b81a3fffe75ff6181b711777067ba6e63a34b,website/core/Footer.js,javascript
react-redux,162b81a3fffe75ff6181b711777067ba6e63a34b,website/static/scripts/sidebarScroll.js,javascript
react-redux,162b81a3fffe75ff6181b711777067ba6e63a34b,website/static/scripts/codeblock.js,javascript
react-redux,162b81a3fffe75ff6181b711777067ba6e63a34b,website/pages/en/404.js,javascript
react-redux,162b81a3fffe75ff6181b711777067ba6e63a34b,website/pages/en/index.js,javascript
react-redux,162b81a3fffe75ff6181b711777067ba6e63a34b,src/index.js,javascript
react-redux,162b81a3fffe75ff6181b711777067ba6e63a34b,src/utils/warning.js,javascript
react-redux,162b81a3fffe75ff6181b711777067ba6e63a34b,src/utils/shallowEqual.js,javascript
react-redux,162b81a3fffe75ff6181b711777067ba6e63a34b,src/utils/verifyPlainObject.js,javascript
react-redux,162b81a3fffe75ff6181b711777067ba6e63a34b,src/utils/wrapActionCreators.js,javascript
react-redux,162b81a3fffe75ff6181b711777067ba6e63a34b,src/utils/isPlainObject.js,javascript
react-redux,162b81a3fffe75ff6181b711777067ba6e63a34b,src/components/Provider.js,javascript
react-redux,162b81a3fffe75ff6181b711777067ba6e63a34b,src/components/connectAdvanced.js,javascript
react-redux,162b81a3fffe75ff6181b711777067ba6e63a34b,src/components/Context.js,javascript
react-redux,162b81a3fffe75ff6181b711777067ba6e63a34b,src/connect/wrapMapToProps.js,javascript
react-redux,162b81a3fffe75ff6181b711777067ba6e63a34b,src/connect/mergeProps.js,javascript
react-redux,162b81a3fffe75ff6181b711777067ba6e63a34b,src/connect/verifySubselectors.js,javascript
react-redux,162b81a3fffe75ff6181b711777067ba6e63a34b,src/connect/mapDispatchToProps.js,javascript
react-redux,162b81a3fffe75ff6181b711777067ba6e63a34b,src/connect/connect.js,javascript
react-redux,162b81a3fffe75ff6181b711777067ba6e63a34b,src/connect/mapStateToProps.js,javascript
react-redux,162b81a3fffe75ff6181b711777067ba6e63a34b,src/connect/selectorFactory.js,javascript
react-redux,608c9c5960924354ed2109bbc3cca9a38ac2e118,.babelrc.js,javascript
react-redux,608c9c5960924354ed2109bbc3cca9a38ac2e118,rollup.config.js,javascript
react-redux,608c9c5960924354ed2109bbc3cca9a38ac2e118,test/install-test-deps.js,javascript
react-redux,608c9c5960924354ed2109bbc3cca9a38ac2e118,test/babel-transformer.jest.js,javascript
react-redux,608c9c5960924354ed2109bbc3cca9a38ac2e118,test/run-tests.js,javascript
react-redux,608c9c5960924354ed2109bbc3cca9a38ac2e118,test/integration/dynamic-reducers.spec.js,javascript
react-redux,608c9c5960924354ed2109bbc3cca9a38ac2e118,test/integration/server-rendering.spec.js,javascript
react-redux,608c9c5960924354ed2109bbc3cca9a38ac2e118,test/utils/isPlainObject.spec.js,javascript
react-redux,608c9c5960924354ed2109bbc3cca9a38ac2e118,test/utils/shallowEqual.spec.js,javascript
react-redux,608c9c5960924354ed2109bbc3cca9a38ac2e118,test/utils/wrapActionCreators.spec.js,javascript
react-redux,608c9c5960924354ed2109bbc3cca9a38ac2e118,test/components/hooks.spec.js,javascript
react-redux,608c9c5960924354ed2109bbc3cca9a38ac2e118,test/components/connect.spec.js,javascript
react-redux,608c9c5960924354ed2109bbc3cca9a38ac2e118,test/components/connectAdvanced.spec.js,javascript
react-redux,608c9c5960924354ed2109bbc3cca9a38ac2e118,test/components/Provider.spec.js,javascript
react-redux,608c9c5960924354ed2109bbc3cca9a38ac2e118,website/siteConfig.js,javascript
react-redux,608c9c5960924354ed2109bbc3cca9a38ac2e118,website/core/Footer.js,javascript
react-redux,608c9c5960924354ed2109bbc3cca9a38ac2e118,website/static/scripts/sidebarScroll.js,javascript
react-redux,608c9c5960924354ed2109bbc3cca9a38ac2e118,website/static/scripts/codeblock.js,javascript
react-redux,608c9c5960924354ed2109bbc3cca9a38ac2e118,website/pages/en/404.js,javascript
react-redux,608c9c5960924354ed2109bbc3cca9a38ac2e118,website/pages/en/index.js,javascript
react-redux,608c9c5960924354ed2109bbc3cca9a38ac2e118,website/pages/en/versions.js,javascript
react-redux,608c9c5960924354ed2109bbc3cca9a38ac2e118,src/alternate-renderers.js,javascript
react-redux,608c9c5960924354ed2109bbc3cca9a38ac2e118,src/index.js,javascript
react-redux,608c9c5960924354ed2109bbc3cca9a38ac2e118,src/utils/reactBatchedUpdates.native.js,javascript
react-redux,608c9c5960924354ed2109bbc3cca9a38ac2e118,src/utils/batch.js,javascript
react-redux,608c9c5960924354ed2109bbc3cca9a38ac2e118,src/utils/warning.js,javascript
react-redux,608c9c5960924354ed2109bbc3cca9a38ac2e118,src/utils/reactBatchedUpdates.js,javascript
react-redux,608c9c5960924354ed2109bbc3cca9a38ac2e118,src/utils/shallowEqual.js,javascript
react-redux,608c9c5960924354ed2109bbc3cca9a38ac2e118,src/utils/verifyPlainObject.js,javascript
react-redux,608c9c5960924354ed2109bbc3cca9a38ac2e118,src/utils/wrapActionCreators.js,javascript
react-redux,608c9c5960924354ed2109bbc3cca9a38ac2e118,src/utils/Subscription.js,javascript
react-redux,608c9c5960924354ed2109bbc3cca9a38ac2e118,src/utils/isPlainObject.js,javascript
react-redux,608c9c5960924354ed2109bbc3cca9a38ac2e118,src/components/Provider.js,javascript
react-redux,608c9c5960924354ed2109bbc3cca9a38ac2e118,src/components/connectAdvanced.js,javascript
react-redux,608c9c5960924354ed2109bbc3cca9a38ac2e118,src/components/Context.js,javascript
react-redux,608c9c5960924354ed2109bbc3cca9a38ac2e118,src/connect/wrapMapToProps.js,javascript
react-redux,608c9c5960924354ed2109bbc3cca9a38ac2e118,src/connect/mergeProps.js,javascript
react-redux,608c9c5960924354ed2109bbc3cca9a38ac2e118,src/connect/verifySubselectors.js,javascript
react-redux,608c9c5960924354ed2109bbc3cca9a38ac2e118,src/connect/mapDispatchToProps.js,javascript
react-redux,608c9c5960924354ed2109bbc3cca9a38ac2e118,src/connect/connect.js,javascript
react-redux,608c9c5960924354ed2109bbc3cca9a38ac2e118,src/connect/mapStateToProps.js,javascript
react-redux,608c9c5960924354ed2109bbc3cca9a38ac2e118,src/connect/selectorFactory.js,javascript
react-redux,5c69baf817527ee9a742c9dc4d541945cb7d1719,.babelrc.js,javascript
react-redux,5c69baf817527ee9a742c9dc4d541945cb7d1719,rollup.config.js,javascript
react-redux,5c69baf817527ee9a742c9dc4d541945cb7d1719,test/install-test-deps.js,javascript
react-redux,5c69baf817527ee9a742c9dc4d541945cb7d1719,test/babel-transformer.jest.js,javascript
react-redux,5c69baf817527ee9a742c9dc4d541945cb7d1719,test/run-tests.js,javascript
react-redux,5c69baf817527ee9a742c9dc4d541945cb7d1719,test/integration/dynamic-reducers.spec.js,javascript
react-redux,5c69baf817527ee9a742c9dc4d541945cb7d1719,test/integration/server-rendering.spec.js,javascript
react-redux,5c69baf817527ee9a742c9dc4d541945cb7d1719,test/utils/isPlainObject.spec.js,javascript
react-redux,5c69baf817527ee9a742c9dc4d541945cb7d1719,test/utils/shallowEqual.spec.js,javascript
react-redux,5c69baf817527ee9a742c9dc4d541945cb7d1719,test/utils/wrapActionCreators.spec.js,javascript
react-redux,5c69baf817527ee9a742c9dc4d541945cb7d1719,test/components/hooks.spec.js,javascript
react-redux,5c69baf817527ee9a742c9dc4d541945cb7d1719,test/components/connect.spec.js,javascript
react-redux,5c69baf817527ee9a742c9dc4d541945cb7d1719,test/components/connectAdvanced.spec.js,javascript
react-redux,5c69baf817527ee9a742c9dc4d541945cb7d1719,test/components/Provider.spec.js,javascript
react-redux,5c69baf817527ee9a742c9dc4d541945cb7d1719,website/siteConfig.js,javascript
react-redux,5c69baf817527ee9a742c9dc4d541945cb7d1719,website/core/Footer.js,javascript
react-redux,5c69baf817527ee9a742c9dc4d541945cb7d1719,website/static/scripts/sidebarScroll.js,javascript
react-redux,5c69baf817527ee9a742c9dc4d541945cb7d1719,website/static/scripts/codeblock.js,javascript
react-redux,5c69baf817527ee9a742c9dc4d541945cb7d1719,website/pages/en/404.js,javascript
react-redux,5c69baf817527ee9a742c9dc4d541945cb7d1719,website/pages/en/index.js,javascript
react-redux,5c69baf817527ee9a742c9dc4d541945cb7d1719,website/pages/en/versions.js,javascript
react-redux,5c69baf817527ee9a742c9dc4d541945cb7d1719,src/alternate-renderers.js,javascript
react-redux,5c69baf817527ee9a742c9dc4d541945cb7d1719,src/index.js,javascript
react-redux,5c69baf817527ee9a742c9dc4d541945cb7d1719,src/utils/reactBatchedUpdates.native.js,javascript
react-redux,5c69baf817527ee9a742c9dc4d541945cb7d1719,src/utils/batch.js,javascript
react-redux,5c69baf817527ee9a742c9dc4d541945cb7d1719,src/utils/warning.js,javascript
react-redux,5c69baf817527ee9a742c9dc4d541945cb7d1719,src/utils/reactBatchedUpdates.js,javascript
react-redux,5c69baf817527ee9a742c9dc4d541945cb7d1719,src/utils/shallowEqual.js,javascript
react-redux,5c69baf817527ee9a742c9dc4d541945cb7d1719,src/utils/verifyPlainObject.js,javascript
react-redux,5c69baf817527ee9a742c9dc4d541945cb7d1719,src/utils/wrapActionCreators.js,javascript
react-redux,5c69baf817527ee9a742c9dc4d541945cb7d1719,src/utils/Subscription.js,javascript
react-redux,5c69baf817527ee9a742c9dc4d541945cb7d1719,src/utils/isPlainObject.js,javascript
react-redux,5c69baf817527ee9a742c9dc4d541945cb7d1719,src/components/Provider.js,javascript
react-redux,5c69baf817527ee9a742c9dc4d541945cb7d1719,src/components/connectAdvanced.js,javascript
react-redux,5c69baf817527ee9a742c9dc4d541945cb7d1719,src/components/Context.js,javascript
react-redux,5c69baf817527ee9a742c9dc4d541945cb7d1719,src/connect/wrapMapToProps.js,javascript
react-redux,5c69baf817527ee9a742c9dc4d541945cb7d1719,src/connect/mergeProps.js,javascript
react-redux,5c69baf817527ee9a742c9dc4d541945cb7d1719,src/connect/verifySubselectors.js,javascript
react-redux,5c69baf817527ee9a742c9dc4d541945cb7d1719,src/connect/mapDispatchToProps.js,javascript
react-redux,5c69baf817527ee9a742c9dc4d541945cb7d1719,src/connect/connect.js,javascript
react-redux,5c69baf817527ee9a742c9dc4d541945cb7d1719,src/connect/mapStateToProps.js,javascript
react-redux,5c69baf817527ee9a742c9dc4d541945cb7d1719,src/connect/selectorFactory.js,javascript
react-redux,88533279306e6be5bce412f1320e42db859de601,.babelrc.js,javascript
react-redux,88533279306e6be5bce412f1320e42db859de601,rollup.config.js,javascript
react-redux,88533279306e6be5bce412f1320e42db859de601,test/integration/dynamic-reducers.spec.js,javascript
react-redux,88533279306e6be5bce412f1320e42db859de601,test/integration/server-rendering.spec.js,javascript
react-redux,88533279306e6be5bce412f1320e42db859de601,test/utils/isPlainObject.spec.js,javascript
react-redux,88533279306e6be5bce412f1320e42db859de601,test/utils/shallowEqual.spec.js,javascript
react-redux,88533279306e6be5bce412f1320e42db859de601,test/utils/wrapActionCreators.spec.js,javascript
react-redux,88533279306e6be5bce412f1320e42db859de601,test/components/hooks.spec.js,javascript
react-redux,88533279306e6be5bce412f1320e42db859de601,test/components/connect.spec.js,javascript
react-redux,88533279306e6be5bce412f1320e42db859de601,test/components/connectAdvanced.spec.js,javascript
react-redux,88533279306e6be5bce412f1320e42db859de601,test/components/Provider.spec.js,javascript
react-redux,88533279306e6be5bce412f1320e42db859de601,website/siteConfig.js,javascript
react-redux,88533279306e6be5bce412f1320e42db859de601,website/core/Footer.js,javascript
react-redux,88533279306e6be5bce412f1320e42db859de601,website/static/scripts/sidebarScroll.js,javascript
react-redux,88533279306e6be5bce412f1320e42db859de601,website/static/scripts/codeblock.js,javascript
react-redux,88533279306e6be5bce412f1320e42db859de601,website/pages/en/404.js,javascript
react-redux,88533279306e6be5bce412f1320e42db859de601,website/pages/en/index.js,javascript
react-redux,88533279306e6be5bce412f1320e42db859de601,website/pages/en/versions.js,javascript
react-redux,88533279306e6be5bce412f1320e42db859de601,src/alternate-renderers.js,javascript
react-redux,88533279306e6be5bce412f1320e42db859de601,src/index.js,javascript
react-redux,88533279306e6be5bce412f1320e42db859de601,src/utils/reactBatchedUpdates.native.js,javascript
react-redux,88533279306e6be5bce412f1320e42db859de601,src/utils/batch.js,javascript
react-redux,88533279306e6be5bce412f1320e42db859de601,src/utils/warning.js,javascript
react-redux,88533279306e6be5bce412f1320e42db859de601,src/utils/reactBatchedUpdates.js,javascript
react-redux,88533279306e6be5bce412f1320e42db859de601,src/utils/shallowEqual.js,javascript
react-redux,88533279306e6be5bce412f1320e42db859de601,src/utils/verifyPlainObject.js,javascript
react-redux,88533279306e6be5bce412f1320e42db859de601,src/utils/wrapActionCreators.js,javascript
react-redux,88533279306e6be5bce412f1320e42db859de601,src/utils/Subscription.js,javascript
react-redux,88533279306e6be5bce412f1320e42db859de601,src/utils/isPlainObject.js,javascript
react-redux,88533279306e6be5bce412f1320e42db859de601,src/components/Provider.js,javascript
react-redux,88533279306e6be5bce412f1320e42db859de601,src/components/connectAdvanced.js,javascript
react-redux,88533279306e6be5bce412f1320e42db859de601,src/components/Context.js,javascript
react-redux,88533279306e6be5bce412f1320e42db859de601,src/connect/wrapMapToProps.js,javascript
react-redux,88533279306e6be5bce412f1320e42db859de601,src/connect/mergeProps.js,javascript
react-redux,88533279306e6be5bce412f1320e42db859de601,src/connect/verifySubselectors.js,javascript
react-redux,88533279306e6be5bce412f1320e42db859de601,src/connect/mapDispatchToProps.js,javascript
react-redux,88533279306e6be5bce412f1320e42db859de601,src/connect/connect.js,javascript
react-redux,88533279306e6be5bce412f1320e42db859de601,src/connect/mapStateToProps.js,javascript
react-redux,88533279306e6be5bce412f1320e42db859de601,src/connect/selectorFactory.js,javascript
react-redux,dbfcc97720cc962c8468f48d06a280d1dbf4d832,.babelrc.js,javascript
react-redux,dbfcc97720cc962c8468f48d06a280d1dbf4d832,rollup.config.js,javascript
react-redux,dbfcc97720cc962c8468f48d06a280d1dbf4d832,test/integration/dynamic-reducers.spec.js,javascript
react-redux,dbfcc97720cc962c8468f48d06a280d1dbf4d832,test/integration/server-rendering.spec.js,javascript
react-redux,dbfcc97720cc962c8468f48d06a280d1dbf4d832,test/utils/isPlainObject.spec.js,javascript
react-redux,dbfcc97720cc962c8468f48d06a280d1dbf4d832,test/utils/shallowEqual.spec.js,javascript
react-redux,dbfcc97720cc962c8468f48d06a280d1dbf4d832,test/utils/wrapActionCreators.spec.js,javascript
react-redux,dbfcc97720cc962c8468f48d06a280d1dbf4d832,test/components/hooks.spec.js,javascript
react-redux,dbfcc97720cc962c8468f48d06a280d1dbf4d832,test/components/connect.spec.js,javascript
react-redux,dbfcc97720cc962c8468f48d06a280d1dbf4d832,test/components/connectAdvanced.spec.js,javascript
react-redux,dbfcc97720cc962c8468f48d06a280d1dbf4d832,test/components/Provider.spec.js,javascript
react-redux,dbfcc97720cc962c8468f48d06a280d1dbf4d832,website/siteConfig.js,javascript
react-redux,dbfcc97720cc962c8468f48d06a280d1dbf4d832,website/core/Footer.js,javascript
react-redux,dbfcc97720cc962c8468f48d06a280d1dbf4d832,website/static/scripts/sidebarScroll.js,javascript
react-redux,dbfcc97720cc962c8468f48d06a280d1dbf4d832,website/static/scripts/codeblock.js,javascript
react-redux,dbfcc97720cc962c8468f48d06a280d1dbf4d832,website/pages/en/404.js,javascript
react-redux,dbfcc97720cc962c8468f48d06a280d1dbf4d832,website/pages/en/index.js,javascript
react-redux,dbfcc97720cc962c8468f48d06a280d1dbf4d832,website/pages/en/versions.js,javascript
react-redux,dbfcc97720cc962c8468f48d06a280d1dbf4d832,src/alternate-renderers.js,javascript
react-redux,dbfcc97720cc962c8468f48d06a280d1dbf4d832,src/index.js,javascript
react-redux,dbfcc97720cc962c8468f48d06a280d1dbf4d832,src/utils/reactBatchedUpdates.native.js,javascript
react-redux,dbfcc97720cc962c8468f48d06a280d1dbf4d832,src/utils/batch.js,javascript
react-redux,dbfcc97720cc962c8468f48d06a280d1dbf4d832,src/utils/warning.js,javascript
react-redux,dbfcc97720cc962c8468f48d06a280d1dbf4d832,src/utils/reactBatchedUpdates.js,javascript
react-redux,dbfcc97720cc962c8468f48d06a280d1dbf4d832,src/utils/shallowEqual.js,javascript
react-redux,dbfcc97720cc962c8468f48d06a280d1dbf4d832,src/utils/verifyPlainObject.js,javascript
react-redux,dbfcc97720cc962c8468f48d06a280d1dbf4d832,src/utils/wrapActionCreators.js,javascript
react-redux,dbfcc97720cc962c8468f48d06a280d1dbf4d832,src/utils/Subscription.js,javascript
react-redux,dbfcc97720cc962c8468f48d06a280d1dbf4d832,src/utils/isPlainObject.js,javascript
react-redux,dbfcc97720cc962c8468f48d06a280d1dbf4d832,src/components/Provider.js,javascript
react-redux,dbfcc97720cc962c8468f48d06a280d1dbf4d832,src/components/connectAdvanced.js,javascript
react-redux,dbfcc97720cc962c8468f48d06a280d1dbf4d832,src/components/Context.js,javascript
react-redux,dbfcc97720cc962c8468f48d06a280d1dbf4d832,src/connect/wrapMapToProps.js,javascript
react-redux,dbfcc97720cc962c8468f48d06a280d1dbf4d832,src/connect/mergeProps.js,javascript
react-redux,dbfcc97720cc962c8468f48d06a280d1dbf4d832,src/connect/verifySubselectors.js,javascript
react-redux,dbfcc97720cc962c8468f48d06a280d1dbf4d832,src/connect/mapDispatchToProps.js,javascript
react-redux,dbfcc97720cc962c8468f48d06a280d1dbf4d832,src/connect/connect.js,javascript
react-redux,dbfcc97720cc962c8468f48d06a280d1dbf4d832,src/connect/mapStateToProps.js,javascript
react-redux,dbfcc97720cc962c8468f48d06a280d1dbf4d832,src/connect/selectorFactory.js,javascript
react-redux,01966db91e33aca533bb62f9f7a69ccd16ba6282,.babelrc.js,javascript
react-redux,01966db91e33aca533bb62f9f7a69ccd16ba6282,rollup.config.js,javascript
react-redux,01966db91e33aca533bb62f9f7a69ccd16ba6282,test/integration/dynamic-reducers.spec.js,javascript
react-redux,01966db91e33aca533bb62f9f7a69ccd16ba6282,test/integration/server-rendering.spec.js,javascript
react-redux,01966db91e33aca533bb62f9f7a69ccd16ba6282,test/utils/isPlainObject.spec.js,javascript
react-redux,01966db91e33aca533bb62f9f7a69ccd16ba6282,test/utils/shallowEqual.spec.js,javascript
react-redux,01966db91e33aca533bb62f9f7a69ccd16ba6282,test/utils/wrapActionCreators.spec.js,javascript
react-redux,01966db91e33aca533bb62f9f7a69ccd16ba6282,test/components/hooks.spec.js,javascript
react-redux,01966db91e33aca533bb62f9f7a69ccd16ba6282,test/components/connect.spec.js,javascript
react-redux,01966db91e33aca533bb62f9f7a69ccd16ba6282,test/components/connectAdvanced.spec.js,javascript
react-redux,01966db91e33aca533bb62f9f7a69ccd16ba6282,test/components/Provider.spec.js,javascript
react-redux,01966db91e33aca533bb62f9f7a69ccd16ba6282,test/hooks/useDispatch.spec.js,javascript
react-redux,01966db91e33aca533bb62f9f7a69ccd16ba6282,test/hooks/useReduxContext.spec.js,javascript
react-redux,01966db91e33aca533bb62f9f7a69ccd16ba6282,test/hooks/useSelector.spec.js,javascript
react-redux,01966db91e33aca533bb62f9f7a69ccd16ba6282,website/siteConfig.js,javascript
react-redux,01966db91e33aca533bb62f9f7a69ccd16ba6282,website/core/Footer.js,javascript
react-redux,01966db91e33aca533bb62f9f7a69ccd16ba6282,website/static/scripts/sidebarScroll.js,javascript
react-redux,01966db91e33aca533bb62f9f7a69ccd16ba6282,website/static/scripts/codeblock.js,javascript
react-redux,01966db91e33aca533bb62f9f7a69ccd16ba6282,website/pages/en/404.js,javascript
react-redux,01966db91e33aca533bb62f9f7a69ccd16ba6282,website/pages/en/index.js,javascript
react-redux,01966db91e33aca533bb62f9f7a69ccd16ba6282,website/pages/en/versions.js,javascript
react-redux,01966db91e33aca533bb62f9f7a69ccd16ba6282,src/alternate-renderers.js,javascript
react-redux,01966db91e33aca533bb62f9f7a69ccd16ba6282,src/index.js,javascript
react-redux,01966db91e33aca533bb62f9f7a69ccd16ba6282,src/utils/reactBatchedUpdates.native.js,javascript
react-redux,01966db91e33aca533bb62f9f7a69ccd16ba6282,src/utils/batch.js,javascript
react-redux,01966db91e33aca533bb62f9f7a69ccd16ba6282,src/utils/warning.js,javascript
react-redux,01966db91e33aca533bb62f9f7a69ccd16ba6282,src/utils/reactBatchedUpdates.js,javascript
react-redux,01966db91e33aca533bb62f9f7a69ccd16ba6282,src/utils/shallowEqual.js,javascript
react-redux,01966db91e33aca533bb62f9f7a69ccd16ba6282,src/utils/verifyPlainObject.js,javascript
react-redux,01966db91e33aca533bb62f9f7a69ccd16ba6282,src/utils/wrapActionCreators.js,javascript
react-redux,01966db91e33aca533bb62f9f7a69ccd16ba6282,src/utils/Subscription.js,javascript
react-redux,01966db91e33aca533bb62f9f7a69ccd16ba6282,src/utils/isPlainObject.js,javascript
react-redux,01966db91e33aca533bb62f9f7a69ccd16ba6282,src/components/Provider.js,javascript
react-redux,01966db91e33aca533bb62f9f7a69ccd16ba6282,src/components/connectAdvanced.js,javascript
react-redux,01966db91e33aca533bb62f9f7a69ccd16ba6282,src/components/Context.js,javascript
react-redux,01966db91e33aca533bb62f9f7a69ccd16ba6282,src/hooks/useStore.js,javascript
react-redux,01966db91e33aca533bb62f9f7a69ccd16ba6282,src/hooks/useReduxContext.js,javascript
react-redux,01966db91e33aca533bb62f9f7a69ccd16ba6282,src/hooks/useDispatch.js,javascript
react-redux,01966db91e33aca533bb62f9f7a69ccd16ba6282,src/hooks/useSelector.js,javascript
react-redux,01966db91e33aca533bb62f9f7a69ccd16ba6282,src/connect/wrapMapToProps.js,javascript
react-redux,01966db91e33aca533bb62f9f7a69ccd16ba6282,src/connect/mergeProps.js,javascript
react-redux,01966db91e33aca533bb62f9f7a69ccd16ba6282,src/connect/verifySubselectors.js,javascript
react-redux,01966db91e33aca533bb62f9f7a69ccd16ba6282,src/connect/mapDispatchToProps.js,javascript
react-redux,01966db91e33aca533bb62f9f7a69ccd16ba6282,src/connect/connect.js,javascript
react-redux,01966db91e33aca533bb62f9f7a69ccd16ba6282,src/connect/mapStateToProps.js,javascript
react-redux,01966db91e33aca533bb62f9f7a69ccd16ba6282,src/connect/selectorFactory.js,javascript
react-redux,65d7935fa051449be1b553eb8eab1816787d593c,.babelrc.js,javascript
react-redux,65d7935fa051449be1b553eb8eab1816787d593c,rollup.config.js,javascript
react-redux,65d7935fa051449be1b553eb8eab1816787d593c,test/integration/dynamic-reducers.spec.js,javascript
react-redux,65d7935fa051449be1b553eb8eab1816787d593c,test/integration/server-rendering.spec.js,javascript
react-redux,65d7935fa051449be1b553eb8eab1816787d593c,test/utils/isPlainObject.spec.js,javascript
react-redux,65d7935fa051449be1b553eb8eab1816787d593c,test/utils/shallowEqual.spec.js,javascript
react-redux,65d7935fa051449be1b553eb8eab1816787d593c,test/utils/wrapActionCreators.spec.js,javascript
react-redux,65d7935fa051449be1b553eb8eab1816787d593c,test/components/hooks.spec.js,javascript
react-redux,65d7935fa051449be1b553eb8eab1816787d593c,test/components/connect.spec.js,javascript
react-redux,65d7935fa051449be1b553eb8eab1816787d593c,test/components/connectAdvanced.spec.js,javascript
react-redux,65d7935fa051449be1b553eb8eab1816787d593c,test/components/Provider.spec.js,javascript
react-redux,65d7935fa051449be1b553eb8eab1816787d593c,test/hooks/useDispatch.spec.js,javascript
react-redux,65d7935fa051449be1b553eb8eab1816787d593c,test/hooks/useReduxContext.spec.js,javascript
react-redux,65d7935fa051449be1b553eb8eab1816787d593c,test/hooks/useSelector.spec.js,javascript
react-redux,65d7935fa051449be1b553eb8eab1816787d593c,website/siteConfig.js,javascript
react-redux,65d7935fa051449be1b553eb8eab1816787d593c,website/core/Footer.js,javascript
react-redux,65d7935fa051449be1b553eb8eab1816787d593c,website/static/scripts/sidebarScroll.js,javascript
react-redux,65d7935fa051449be1b553eb8eab1816787d593c,website/static/scripts/codeblock.js,javascript
react-redux,65d7935fa051449be1b553eb8eab1816787d593c,website/pages/en/404.js,javascript
react-redux,65d7935fa051449be1b553eb8eab1816787d593c,website/pages/en/index.js,javascript
react-redux,65d7935fa051449be1b553eb8eab1816787d593c,website/pages/en/versions.js,javascript
react-redux,65d7935fa051449be1b553eb8eab1816787d593c,src/alternate-renderers.js,javascript
react-redux,65d7935fa051449be1b553eb8eab1816787d593c,src/index.js,javascript
react-redux,65d7935fa051449be1b553eb8eab1816787d593c,src/utils/reactBatchedUpdates.native.js,javascript
react-redux,65d7935fa051449be1b553eb8eab1816787d593c,src/utils/batch.js,javascript
react-redux,65d7935fa051449be1b553eb8eab1816787d593c,src/utils/warning.js,javascript
react-redux,65d7935fa051449be1b553eb8eab1816787d593c,src/utils/reactBatchedUpdates.js,javascript
react-redux,65d7935fa051449be1b553eb8eab1816787d593c,src/utils/shallowEqual.js,javascript
react-redux,65d7935fa051449be1b553eb8eab1816787d593c,src/utils/verifyPlainObject.js,javascript
react-redux,65d7935fa051449be1b553eb8eab1816787d593c,src/utils/wrapActionCreators.js,javascript
react-redux,65d7935fa051449be1b553eb8eab1816787d593c,src/utils/Subscription.js,javascript
react-redux,65d7935fa051449be1b553eb8eab1816787d593c,src/utils/isPlainObject.js,javascript
react-redux,65d7935fa051449be1b553eb8eab1816787d593c,src/components/Provider.js,javascript
react-redux,65d7935fa051449be1b553eb8eab1816787d593c,src/components/connectAdvanced.js,javascript
react-redux,65d7935fa051449be1b553eb8eab1816787d593c,src/components/Context.js,javascript
react-redux,65d7935fa051449be1b553eb8eab1816787d593c,src/hooks/useStore.js,javascript
react-redux,65d7935fa051449be1b553eb8eab1816787d593c,src/hooks/useReduxContext.js,javascript
react-redux,65d7935fa051449be1b553eb8eab1816787d593c,src/hooks/useDispatch.js,javascript
react-redux,65d7935fa051449be1b553eb8eab1816787d593c,src/hooks/useSelector.js,javascript
react-redux,65d7935fa051449be1b553eb8eab1816787d593c,src/connect/wrapMapToProps.js,javascript
react-redux,65d7935fa051449be1b553eb8eab1816787d593c,src/connect/mergeProps.js,javascript
react-redux,65d7935fa051449be1b553eb8eab1816787d593c,src/connect/verifySubselectors.js,javascript
react-redux,65d7935fa051449be1b553eb8eab1816787d593c,src/connect/mapDispatchToProps.js,javascript
react-redux,65d7935fa051449be1b553eb8eab1816787d593c,src/connect/connect.js,javascript
react-redux,65d7935fa051449be1b553eb8eab1816787d593c,src/connect/mapStateToProps.js,javascript
react-redux,65d7935fa051449be1b553eb8eab1816787d593c,src/connect/selectorFactory.js,javascript
react-redux,5f495b23bcf3f03e0bee85fa5f7b9c2afc193457,.babelrc.js,javascript
react-redux,5f495b23bcf3f03e0bee85fa5f7b9c2afc193457,jest.config.js,javascript
react-redux,5f495b23bcf3f03e0bee85fa5f7b9c2afc193457,rollup.config.js,javascript
react-redux,5f495b23bcf3f03e0bee85fa5f7b9c2afc193457,test/react-native/batch-integration.js,javascript
react-redux,5f495b23bcf3f03e0bee85fa5f7b9c2afc193457,test/integration/dynamic-reducers.spec.js,javascript
react-redux,5f495b23bcf3f03e0bee85fa5f7b9c2afc193457,test/integration/server-rendering.spec.js,javascript
react-redux,5f495b23bcf3f03e0bee85fa5f7b9c2afc193457,test/utils/isPlainObject.spec.js,javascript
react-redux,5f495b23bcf3f03e0bee85fa5f7b9c2afc193457,test/utils/shallowEqual.spec.js,javascript
react-redux,5f495b23bcf3f03e0bee85fa5f7b9c2afc193457,test/utils/wrapActionCreators.spec.js,javascript
react-redux,5f495b23bcf3f03e0bee85fa5f7b9c2afc193457,test/components/hooks.spec.js,javascript
react-redux,5f495b23bcf3f03e0bee85fa5f7b9c2afc193457,test/components/connect.spec.js,javascript
react-redux,5f495b23bcf3f03e0bee85fa5f7b9c2afc193457,test/components/connectAdvanced.spec.js,javascript
react-redux,5f495b23bcf3f03e0bee85fa5f7b9c2afc193457,test/components/Provider.spec.js,javascript
react-redux,5f495b23bcf3f03e0bee85fa5f7b9c2afc193457,test/hooks/useDispatch.spec.js,javascript
react-redux,5f495b23bcf3f03e0bee85fa5f7b9c2afc193457,test/hooks/useReduxContext.spec.js,javascript
react-redux,5f495b23bcf3f03e0bee85fa5f7b9c2afc193457,test/hooks/useSelector.spec.js,javascript
react-redux,5f495b23bcf3f03e0bee85fa5f7b9c2afc193457,website/siteConfig.js,javascript
react-redux,5f495b23bcf3f03e0bee85fa5f7b9c2afc193457,website/core/Footer.js,javascript
react-redux,5f495b23bcf3f03e0bee85fa5f7b9c2afc193457,website/static/scripts/sidebarScroll.js,javascript
react-redux,5f495b23bcf3f03e0bee85fa5f7b9c2afc193457,website/static/scripts/codeblock.js,javascript
react-redux,5f495b23bcf3f03e0bee85fa5f7b9c2afc193457,website/pages/en/404.js,javascript
react-redux,5f495b23bcf3f03e0bee85fa5f7b9c2afc193457,website/pages/en/index.js,javascript
react-redux,5f495b23bcf3f03e0bee85fa5f7b9c2afc193457,website/pages/en/versions.js,javascript
react-redux,5f495b23bcf3f03e0bee85fa5f7b9c2afc193457,src/alternate-renderers.js,javascript
react-redux,5f495b23bcf3f03e0bee85fa5f7b9c2afc193457,src/index.js,javascript
react-redux,5f495b23bcf3f03e0bee85fa5f7b9c2afc193457,src/utils/reactBatchedUpdates.native.js,javascript
react-redux,5f495b23bcf3f03e0bee85fa5f7b9c2afc193457,src/utils/batch.js,javascript
react-redux,5f495b23bcf3f03e0bee85fa5f7b9c2afc193457,src/utils/useIsomorphicLayoutEffect.native.js,javascript
react-redux,5f495b23bcf3f03e0bee85fa5f7b9c2afc193457,src/utils/warning.js,javascript
react-redux,5f495b23bcf3f03e0bee85fa5f7b9c2afc193457,src/utils/reactBatchedUpdates.js,javascript
react-redux,5f495b23bcf3f03e0bee85fa5f7b9c2afc193457,src/utils/shallowEqual.js,javascript
react-redux,5f495b23bcf3f03e0bee85fa5f7b9c2afc193457,src/utils/verifyPlainObject.js,javascript
react-redux,5f495b23bcf3f03e0bee85fa5f7b9c2afc193457,src/utils/wrapActionCreators.js,javascript
react-redux,5f495b23bcf3f03e0bee85fa5f7b9c2afc193457,src/utils/useIsomorphicLayoutEffect.js,javascript
react-redux,5f495b23bcf3f03e0bee85fa5f7b9c2afc193457,src/utils/Subscription.js,javascript
react-redux,5f495b23bcf3f03e0bee85fa5f7b9c2afc193457,src/utils/isPlainObject.js,javascript
react-redux,5f495b23bcf3f03e0bee85fa5f7b9c2afc193457,src/components/Provider.js,javascript
react-redux,5f495b23bcf3f03e0bee85fa5f7b9c2afc193457,src/components/connectAdvanced.js,javascript
react-redux,5f495b23bcf3f03e0bee85fa5f7b9c2afc193457,src/components/Context.js,javascript
react-redux,5f495b23bcf3f03e0bee85fa5f7b9c2afc193457,src/hooks/useStore.js,javascript
react-redux,5f495b23bcf3f03e0bee85fa5f7b9c2afc193457,src/hooks/useReduxContext.js,javascript
react-redux,5f495b23bcf3f03e0bee85fa5f7b9c2afc193457,src/hooks/useDispatch.js,javascript
react-redux,5f495b23bcf3f03e0bee85fa5f7b9c2afc193457,src/hooks/useSelector.js,javascript
react-redux,5f495b23bcf3f03e0bee85fa5f7b9c2afc193457,src/connect/wrapMapToProps.js,javascript
react-redux,5f495b23bcf3f03e0bee85fa5f7b9c2afc193457,src/connect/mergeProps.js,javascript
react-redux,5f495b23bcf3f03e0bee85fa5f7b9c2afc193457,src/connect/verifySubselectors.js,javascript
react-redux,5f495b23bcf3f03e0bee85fa5f7b9c2afc193457,src/connect/mapDispatchToProps.js,javascript
react-redux,5f495b23bcf3f03e0bee85fa5f7b9c2afc193457,src/connect/connect.js,javascript
react-redux,5f495b23bcf3f03e0bee85fa5f7b9c2afc193457,src/connect/mapStateToProps.js,javascript
react-redux,5f495b23bcf3f03e0bee85fa5f7b9c2afc193457,src/connect/selectorFactory.js,javascript
react-redux,82b39effea0024b45f1e093e0f1ba14269a9656e,.babelrc.js,javascript
react-redux,82b39effea0024b45f1e093e0f1ba14269a9656e,jest.config.js,javascript
react-redux,82b39effea0024b45f1e093e0f1ba14269a9656e,rollup.config.js,javascript
react-redux,82b39effea0024b45f1e093e0f1ba14269a9656e,test/react-native/batch-integration.js,javascript
react-redux,82b39effea0024b45f1e093e0f1ba14269a9656e,test/integration/dynamic-reducers.spec.js,javascript
react-redux,82b39effea0024b45f1e093e0f1ba14269a9656e,test/integration/server-rendering.spec.js,javascript
react-redux,82b39effea0024b45f1e093e0f1ba14269a9656e,test/utils/isPlainObject.spec.js,javascript
react-redux,82b39effea0024b45f1e093e0f1ba14269a9656e,test/utils/shallowEqual.spec.js,javascript
react-redux,82b39effea0024b45f1e093e0f1ba14269a9656e,test/utils/wrapActionCreators.spec.js,javascript
react-redux,82b39effea0024b45f1e093e0f1ba14269a9656e,test/components/hooks.spec.js,javascript
react-redux,82b39effea0024b45f1e093e0f1ba14269a9656e,test/components/connect.spec.js,javascript
react-redux,82b39effea0024b45f1e093e0f1ba14269a9656e,test/components/connectAdvanced.spec.js,javascript
react-redux,82b39effea0024b45f1e093e0f1ba14269a9656e,test/components/Provider.spec.js,javascript
react-redux,82b39effea0024b45f1e093e0f1ba14269a9656e,test/hooks/useDispatch.spec.js,javascript
react-redux,82b39effea0024b45f1e093e0f1ba14269a9656e,test/hooks/useReduxContext.spec.js,javascript
react-redux,82b39effea0024b45f1e093e0f1ba14269a9656e,test/hooks/useSelector.spec.js,javascript
react-redux,82b39effea0024b45f1e093e0f1ba14269a9656e,website/siteConfig.js,javascript
react-redux,82b39effea0024b45f1e093e0f1ba14269a9656e,website/core/Footer.js,javascript
react-redux,82b39effea0024b45f1e093e0f1ba14269a9656e,website/static/scripts/sidebarScroll.js,javascript
react-redux,82b39effea0024b45f1e093e0f1ba14269a9656e,website/static/scripts/codeblock.js,javascript
react-redux,82b39effea0024b45f1e093e0f1ba14269a9656e,website/pages/en/404.js,javascript
react-redux,82b39effea0024b45f1e093e0f1ba14269a9656e,website/pages/en/index.js,javascript
react-redux,82b39effea0024b45f1e093e0f1ba14269a9656e,website/pages/en/versions.js,javascript
react-redux,82b39effea0024b45f1e093e0f1ba14269a9656e,src/alternate-renderers.js,javascript
react-redux,82b39effea0024b45f1e093e0f1ba14269a9656e,src/index.js,javascript
react-redux,82b39effea0024b45f1e093e0f1ba14269a9656e,src/utils/reactBatchedUpdates.native.js,javascript
react-redux,82b39effea0024b45f1e093e0f1ba14269a9656e,src/utils/batch.js,javascript
react-redux,82b39effea0024b45f1e093e0f1ba14269a9656e,src/utils/useIsomorphicLayoutEffect.native.js,javascript
react-redux,82b39effea0024b45f1e093e0f1ba14269a9656e,src/utils/warning.js,javascript
react-redux,82b39effea0024b45f1e093e0f1ba14269a9656e,src/utils/reactBatchedUpdates.js,javascript
react-redux,82b39effea0024b45f1e093e0f1ba14269a9656e,src/utils/shallowEqual.js,javascript
react-redux,82b39effea0024b45f1e093e0f1ba14269a9656e,src/utils/verifyPlainObject.js,javascript
react-redux,82b39effea0024b45f1e093e0f1ba14269a9656e,src/utils/wrapActionCreators.js,javascript
react-redux,82b39effea0024b45f1e093e0f1ba14269a9656e,src/utils/useIsomorphicLayoutEffect.js,javascript
react-redux,82b39effea0024b45f1e093e0f1ba14269a9656e,src/utils/Subscription.js,javascript
react-redux,82b39effea0024b45f1e093e0f1ba14269a9656e,src/utils/isPlainObject.js,javascript
react-redux,82b39effea0024b45f1e093e0f1ba14269a9656e,src/components/Provider.js,javascript
react-redux,82b39effea0024b45f1e093e0f1ba14269a9656e,src/components/connectAdvanced.js,javascript
react-redux,82b39effea0024b45f1e093e0f1ba14269a9656e,src/components/Context.js,javascript
react-redux,82b39effea0024b45f1e093e0f1ba14269a9656e,src/hooks/useStore.js,javascript
react-redux,82b39effea0024b45f1e093e0f1ba14269a9656e,src/hooks/useReduxContext.js,javascript
react-redux,82b39effea0024b45f1e093e0f1ba14269a9656e,src/hooks/useDispatch.js,javascript
react-redux,82b39effea0024b45f1e093e0f1ba14269a9656e,src/hooks/useSelector.js,javascript
react-redux,82b39effea0024b45f1e093e0f1ba14269a9656e,src/connect/wrapMapToProps.js,javascript
react-redux,82b39effea0024b45f1e093e0f1ba14269a9656e,src/connect/mergeProps.js,javascript
react-redux,82b39effea0024b45f1e093e0f1ba14269a9656e,src/connect/verifySubselectors.js,javascript
react-redux,82b39effea0024b45f1e093e0f1ba14269a9656e,src/connect/mapDispatchToProps.js,javascript
react-redux,82b39effea0024b45f1e093e0f1ba14269a9656e,src/connect/connect.js,javascript
react-redux,82b39effea0024b45f1e093e0f1ba14269a9656e,src/connect/mapStateToProps.js,javascript
react-redux,82b39effea0024b45f1e093e0f1ba14269a9656e,src/connect/selectorFactory.js,javascript
react-redux,ec38c1bd0026bedca3fd7a8db063f242b0378694,.babelrc.js,javascript
react-redux,ec38c1bd0026bedca3fd7a8db063f242b0378694,jest.config.js,javascript
react-redux,ec38c1bd0026bedca3fd7a8db063f242b0378694,rollup.config.js,javascript
react-redux,ec38c1bd0026bedca3fd7a8db063f242b0378694,test/react-native/batch-integration.js,javascript
react-redux,ec38c1bd0026bedca3fd7a8db063f242b0378694,test/integration/dynamic-reducers.spec.js,javascript
react-redux,ec38c1bd0026bedca3fd7a8db063f242b0378694,test/integration/server-rendering.spec.js,javascript
react-redux,ec38c1bd0026bedca3fd7a8db063f242b0378694,test/utils/isPlainObject.spec.js,javascript
react-redux,ec38c1bd0026bedca3fd7a8db063f242b0378694,test/utils/shallowEqual.spec.js,javascript
react-redux,ec38c1bd0026bedca3fd7a8db063f242b0378694,test/utils/wrapActionCreators.spec.js,javascript
react-redux,ec38c1bd0026bedca3fd7a8db063f242b0378694,test/utils/Subscription.spec.js,javascript
react-redux,ec38c1bd0026bedca3fd7a8db063f242b0378694,test/components/hooks.spec.js,javascript
react-redux,ec38c1bd0026bedca3fd7a8db063f242b0378694,test/components/connect.spec.js,javascript
react-redux,ec38c1bd0026bedca3fd7a8db063f242b0378694,test/components/connectAdvanced.spec.js,javascript
react-redux,ec38c1bd0026bedca3fd7a8db063f242b0378694,test/components/Provider.spec.js,javascript
react-redux,ec38c1bd0026bedca3fd7a8db063f242b0378694,test/hooks/useDispatch.spec.js,javascript
react-redux,ec38c1bd0026bedca3fd7a8db063f242b0378694,test/hooks/useReduxContext.spec.js,javascript
react-redux,ec38c1bd0026bedca3fd7a8db063f242b0378694,test/hooks/useSelector.spec.js,javascript
react-redux,ec38c1bd0026bedca3fd7a8db063f242b0378694,website/siteConfig.js,javascript
react-redux,ec38c1bd0026bedca3fd7a8db063f242b0378694,website/core/Footer.js,javascript
react-redux,ec38c1bd0026bedca3fd7a8db063f242b0378694,website/static/scripts/sidebarScroll.js,javascript
react-redux,ec38c1bd0026bedca3fd7a8db063f242b0378694,website/static/scripts/codeblock.js,javascript
react-redux,ec38c1bd0026bedca3fd7a8db063f242b0378694,website/pages/en/404.js,javascript
react-redux,ec38c1bd0026bedca3fd7a8db063f242b0378694,website/pages/en/index.js,javascript
react-redux,ec38c1bd0026bedca3fd7a8db063f242b0378694,website/pages/en/versions.js,javascript
react-redux,ec38c1bd0026bedca3fd7a8db063f242b0378694,src/alternate-renderers.js,javascript
react-redux,ec38c1bd0026bedca3fd7a8db063f242b0378694,src/index.js,javascript
react-redux,ec38c1bd0026bedca3fd7a8db063f242b0378694,src/utils/reactBatchedUpdates.native.js,javascript
react-redux,ec38c1bd0026bedca3fd7a8db063f242b0378694,src/utils/batch.js,javascript
react-redux,ec38c1bd0026bedca3fd7a8db063f242b0378694,src/utils/useIsomorphicLayoutEffect.native.js,javascript
react-redux,ec38c1bd0026bedca3fd7a8db063f242b0378694,src/utils/warning.js,javascript
react-redux,ec38c1bd0026bedca3fd7a8db063f242b0378694,src/utils/reactBatchedUpdates.js,javascript
react-redux,ec38c1bd0026bedca3fd7a8db063f242b0378694,src/utils/shallowEqual.js,javascript
react-redux,ec38c1bd0026bedca3fd7a8db063f242b0378694,src/utils/verifyPlainObject.js,javascript
react-redux,ec38c1bd0026bedca3fd7a8db063f242b0378694,src/utils/wrapActionCreators.js,javascript
react-redux,ec38c1bd0026bedca3fd7a8db063f242b0378694,src/utils/useIsomorphicLayoutEffect.js,javascript
react-redux,ec38c1bd0026bedca3fd7a8db063f242b0378694,src/utils/Subscription.js,javascript
react-redux,ec38c1bd0026bedca3fd7a8db063f242b0378694,src/utils/isPlainObject.js,javascript
react-redux,ec38c1bd0026bedca3fd7a8db063f242b0378694,src/components/Provider.js,javascript
react-redux,ec38c1bd0026bedca3fd7a8db063f242b0378694,src/components/connectAdvanced.js,javascript
react-redux,ec38c1bd0026bedca3fd7a8db063f242b0378694,src/components/Context.js,javascript
react-redux,ec38c1bd0026bedca3fd7a8db063f242b0378694,src/hooks/useStore.js,javascript
react-redux,ec38c1bd0026bedca3fd7a8db063f242b0378694,src/hooks/useReduxContext.js,javascript
react-redux,ec38c1bd0026bedca3fd7a8db063f242b0378694,src/hooks/useDispatch.js,javascript
react-redux,ec38c1bd0026bedca3fd7a8db063f242b0378694,src/hooks/useSelector.js,javascript
react-redux,ec38c1bd0026bedca3fd7a8db063f242b0378694,src/connect/wrapMapToProps.js,javascript
react-redux,ec38c1bd0026bedca3fd7a8db063f242b0378694,src/connect/mergeProps.js,javascript
react-redux,ec38c1bd0026bedca3fd7a8db063f242b0378694,src/connect/verifySubselectors.js,javascript
react-redux,ec38c1bd0026bedca3fd7a8db063f242b0378694,src/connect/mapDispatchToProps.js,javascript
react-redux,ec38c1bd0026bedca3fd7a8db063f242b0378694,src/connect/connect.js,javascript
react-redux,ec38c1bd0026bedca3fd7a8db063f242b0378694,src/connect/mapStateToProps.js,javascript
react-redux,ec38c1bd0026bedca3fd7a8db063f242b0378694,src/connect/selectorFactory.js,javascript
react-redux,0b03de10e086ac6e5f91ae18c48f869cf052b4f1,.babelrc.js,javascript
react-redux,0b03de10e086ac6e5f91ae18c48f869cf052b4f1,jest.config.js,javascript
react-redux,0b03de10e086ac6e5f91ae18c48f869cf052b4f1,rollup.config.js,javascript
react-redux,0b03de10e086ac6e5f91ae18c48f869cf052b4f1,test/react-native/batch-integration.js,javascript
react-redux,0b03de10e086ac6e5f91ae18c48f869cf052b4f1,test/integration/dynamic-reducers.spec.js,javascript
react-redux,0b03de10e086ac6e5f91ae18c48f869cf052b4f1,test/integration/server-rendering.spec.js,javascript
react-redux,0b03de10e086ac6e5f91ae18c48f869cf052b4f1,test/utils/isPlainObject.spec.js,javascript
react-redux,0b03de10e086ac6e5f91ae18c48f869cf052b4f1,test/utils/shallowEqual.spec.js,javascript
react-redux,0b03de10e086ac6e5f91ae18c48f869cf052b4f1,test/utils/wrapActionCreators.spec.js,javascript
react-redux,0b03de10e086ac6e5f91ae18c48f869cf052b4f1,test/utils/Subscription.spec.js,javascript
react-redux,0b03de10e086ac6e5f91ae18c48f869cf052b4f1,test/components/hooks.spec.js,javascript
react-redux,0b03de10e086ac6e5f91ae18c48f869cf052b4f1,test/components/connect.spec.js,javascript
react-redux,0b03de10e086ac6e5f91ae18c48f869cf052b4f1,test/components/connectAdvanced.spec.js,javascript
react-redux,0b03de10e086ac6e5f91ae18c48f869cf052b4f1,test/components/Provider.spec.js,javascript
react-redux,0b03de10e086ac6e5f91ae18c48f869cf052b4f1,test/hooks/useDispatch.spec.js,javascript
react-redux,0b03de10e086ac6e5f91ae18c48f869cf052b4f1,test/hooks/useReduxContext.spec.js,javascript
react-redux,0b03de10e086ac6e5f91ae18c48f869cf052b4f1,test/hooks/useSelector.spec.js,javascript
react-redux,0b03de10e086ac6e5f91ae18c48f869cf052b4f1,website/siteConfig.js,javascript
react-redux,0b03de10e086ac6e5f91ae18c48f869cf052b4f1,website/core/Footer.js,javascript
react-redux,0b03de10e086ac6e5f91ae18c48f869cf052b4f1,website/static/scripts/sidebarScroll.js,javascript
react-redux,0b03de10e086ac6e5f91ae18c48f869cf052b4f1,website/static/scripts/codeblock.js,javascript
react-redux,0b03de10e086ac6e5f91ae18c48f869cf052b4f1,website/pages/en/404.js,javascript
react-redux,0b03de10e086ac6e5f91ae18c48f869cf052b4f1,website/pages/en/index.js,javascript
react-redux,0b03de10e086ac6e5f91ae18c48f869cf052b4f1,website/pages/en/versions.js,javascript
react-redux,0b03de10e086ac6e5f91ae18c48f869cf052b4f1,src/alternate-renderers.js,javascript
react-redux,0b03de10e086ac6e5f91ae18c48f869cf052b4f1,src/index.js,javascript
react-redux,0b03de10e086ac6e5f91ae18c48f869cf052b4f1,src/utils/reactBatchedUpdates.native.js,javascript
react-redux,0b03de10e086ac6e5f91ae18c48f869cf052b4f1,src/utils/batch.js,javascript
react-redux,0b03de10e086ac6e5f91ae18c48f869cf052b4f1,src/utils/useIsomorphicLayoutEffect.native.js,javascript
react-redux,0b03de10e086ac6e5f91ae18c48f869cf052b4f1,src/utils/warning.js,javascript
react-redux,0b03de10e086ac6e5f91ae18c48f869cf052b4f1,src/utils/reactBatchedUpdates.js,javascript
react-redux,0b03de10e086ac6e5f91ae18c48f869cf052b4f1,src/utils/shallowEqual.js,javascript
react-redux,0b03de10e086ac6e5f91ae18c48f869cf052b4f1,src/utils/verifyPlainObject.js,javascript
react-redux,0b03de10e086ac6e5f91ae18c48f869cf052b4f1,src/utils/wrapActionCreators.js,javascript
react-redux,0b03de10e086ac6e5f91ae18c48f869cf052b4f1,src/utils/useIsomorphicLayoutEffect.js,javascript
react-redux,0b03de10e086ac6e5f91ae18c48f869cf052b4f1,src/utils/Subscription.js,javascript
react-redux,0b03de10e086ac6e5f91ae18c48f869cf052b4f1,src/utils/isPlainObject.js,javascript
react-redux,0b03de10e086ac6e5f91ae18c48f869cf052b4f1,src/components/Provider.js,javascript
react-redux,0b03de10e086ac6e5f91ae18c48f869cf052b4f1,src/components/connectAdvanced.js,javascript
react-redux,0b03de10e086ac6e5f91ae18c48f869cf052b4f1,src/components/Context.js,javascript
react-redux,0b03de10e086ac6e5f91ae18c48f869cf052b4f1,src/hooks/useStore.js,javascript
react-redux,0b03de10e086ac6e5f91ae18c48f869cf052b4f1,src/hooks/useReduxContext.js,javascript
react-redux,0b03de10e086ac6e5f91ae18c48f869cf052b4f1,src/hooks/useDispatch.js,javascript
react-redux,0b03de10e086ac6e5f91ae18c48f869cf052b4f1,src/hooks/useSelector.js,javascript
react-redux,0b03de10e086ac6e5f91ae18c48f869cf052b4f1,src/connect/wrapMapToProps.js,javascript
react-redux,0b03de10e086ac6e5f91ae18c48f869cf052b4f1,src/connect/mergeProps.js,javascript
react-redux,0b03de10e086ac6e5f91ae18c48f869cf052b4f1,src/connect/verifySubselectors.js,javascript
react-redux,0b03de10e086ac6e5f91ae18c48f869cf052b4f1,src/connect/mapDispatchToProps.js,javascript
react-redux,0b03de10e086ac6e5f91ae18c48f869cf052b4f1,src/connect/connect.js,javascript
react-redux,0b03de10e086ac6e5f91ae18c48f869cf052b4f1,src/connect/mapStateToProps.js,javascript
react-redux,0b03de10e086ac6e5f91ae18c48f869cf052b4f1,src/connect/selectorFactory.js,javascript
react-redux,1df5622da1324320d6a1b2135aeba914f1873078,.babelrc.js,javascript
react-redux,1df5622da1324320d6a1b2135aeba914f1873078,jest.config.js,javascript
react-redux,1df5622da1324320d6a1b2135aeba914f1873078,rollup.config.js,javascript
react-redux,1df5622da1324320d6a1b2135aeba914f1873078,test/react-native/batch-integration.js,javascript
react-redux,1df5622da1324320d6a1b2135aeba914f1873078,test/integration/dynamic-reducers.spec.js,javascript
react-redux,1df5622da1324320d6a1b2135aeba914f1873078,test/integration/server-rendering.spec.js,javascript
react-redux,1df5622da1324320d6a1b2135aeba914f1873078,test/utils/isPlainObject.spec.js,javascript
react-redux,1df5622da1324320d6a1b2135aeba914f1873078,test/utils/shallowEqual.spec.js,javascript
react-redux,1df5622da1324320d6a1b2135aeba914f1873078,test/utils/wrapActionCreators.spec.js,javascript
react-redux,1df5622da1324320d6a1b2135aeba914f1873078,test/utils/Subscription.spec.js,javascript
react-redux,1df5622da1324320d6a1b2135aeba914f1873078,test/components/hooks.spec.js,javascript
react-redux,1df5622da1324320d6a1b2135aeba914f1873078,test/components/connect.spec.js,javascript
react-redux,1df5622da1324320d6a1b2135aeba914f1873078,test/components/connectAdvanced.spec.js,javascript
react-redux,1df5622da1324320d6a1b2135aeba914f1873078,test/components/Provider.spec.js,javascript
react-redux,1df5622da1324320d6a1b2135aeba914f1873078,test/hooks/useDispatch.spec.js,javascript
react-redux,1df5622da1324320d6a1b2135aeba914f1873078,test/hooks/useReduxContext.spec.js,javascript
react-redux,1df5622da1324320d6a1b2135aeba914f1873078,test/hooks/useSelector.spec.js,javascript
react-redux,1df5622da1324320d6a1b2135aeba914f1873078,website/docusaurus.config.js,javascript
react-redux,1df5622da1324320d6a1b2135aeba914f1873078,website/static/scripts/sidebarScroll.js,javascript
react-redux,1df5622da1324320d6a1b2135aeba914f1873078,website/static/scripts/monokaiTheme.js,javascript
react-redux,1df5622da1324320d6a1b2135aeba914f1873078,website/static/scripts/codeblock.js,javascript
react-redux,1df5622da1324320d6a1b2135aeba914f1873078,website/src/theme/NotFound.js,javascript
react-redux,1df5622da1324320d6a1b2135aeba914f1873078,website/src/pages/index.js,javascript
react-redux,1df5622da1324320d6a1b2135aeba914f1873078,website/src/pages/_versions.js,javascript
react-redux,1df5622da1324320d6a1b2135aeba914f1873078,src/alternate-renderers.js,javascript
react-redux,1df5622da1324320d6a1b2135aeba914f1873078,src/index.js,javascript
react-redux,1df5622da1324320d6a1b2135aeba914f1873078,src/utils/reactBatchedUpdates.native.js,javascript
react-redux,1df5622da1324320d6a1b2135aeba914f1873078,src/utils/batch.js,javascript
react-redux,1df5622da1324320d6a1b2135aeba914f1873078,src/utils/useIsomorphicLayoutEffect.native.js,javascript
react-redux,1df5622da1324320d6a1b2135aeba914f1873078,src/utils/warning.js,javascript
react-redux,1df5622da1324320d6a1b2135aeba914f1873078,src/utils/reactBatchedUpdates.js,javascript
react-redux,1df5622da1324320d6a1b2135aeba914f1873078,src/utils/shallowEqual.js,javascript
react-redux,1df5622da1324320d6a1b2135aeba914f1873078,src/utils/verifyPlainObject.js,javascript
react-redux,1df5622da1324320d6a1b2135aeba914f1873078,src/utils/wrapActionCreators.js,javascript
react-redux,1df5622da1324320d6a1b2135aeba914f1873078,src/utils/useIsomorphicLayoutEffect.js,javascript
react-redux,1df5622da1324320d6a1b2135aeba914f1873078,src/utils/Subscription.js,javascript
react-redux,1df5622da1324320d6a1b2135aeba914f1873078,src/utils/isPlainObject.js,javascript
react-redux,1df5622da1324320d6a1b2135aeba914f1873078,src/components/Provider.js,javascript
react-redux,1df5622da1324320d6a1b2135aeba914f1873078,src/components/connectAdvanced.js,javascript
react-redux,1df5622da1324320d6a1b2135aeba914f1873078,src/components/Context.js,javascript
react-redux,1df5622da1324320d6a1b2135aeba914f1873078,src/hooks/useStore.js,javascript
react-redux,1df5622da1324320d6a1b2135aeba914f1873078,src/hooks/useReduxContext.js,javascript
react-redux,1df5622da1324320d6a1b2135aeba914f1873078,src/hooks/useDispatch.js,javascript
react-redux,1df5622da1324320d6a1b2135aeba914f1873078,src/hooks/useSelector.js,javascript
react-redux,1df5622da1324320d6a1b2135aeba914f1873078,src/connect/wrapMapToProps.js,javascript
react-redux,1df5622da1324320d6a1b2135aeba914f1873078,src/connect/mergeProps.js,javascript
react-redux,1df5622da1324320d6a1b2135aeba914f1873078,src/connect/verifySubselectors.js,javascript
react-redux,1df5622da1324320d6a1b2135aeba914f1873078,src/connect/mapDispatchToProps.js,javascript
react-redux,1df5622da1324320d6a1b2135aeba914f1873078,src/connect/connect.js,javascript
react-redux,1df5622da1324320d6a1b2135aeba914f1873078,src/connect/mapStateToProps.js,javascript
react-redux,1df5622da1324320d6a1b2135aeba914f1873078,src/connect/selectorFactory.js,javascript
react-redux,a87cd5fecd9311a774818f10cf5ccdadb302bb6d,.babelrc.js,javascript
react-redux,a87cd5fecd9311a774818f10cf5ccdadb302bb6d,jest.config.js,javascript
react-redux,a87cd5fecd9311a774818f10cf5ccdadb302bb6d,rollup.config.js,javascript
react-redux,a87cd5fecd9311a774818f10cf5ccdadb302bb6d,test/react-native/batch-integration.js,javascript
react-redux,a87cd5fecd9311a774818f10cf5ccdadb302bb6d,test/integration/dynamic-reducers.spec.js,javascript
react-redux,a87cd5fecd9311a774818f10cf5ccdadb302bb6d,test/integration/server-rendering.spec.js,javascript
react-redux,a87cd5fecd9311a774818f10cf5ccdadb302bb6d,test/utils/isPlainObject.spec.js,javascript
react-redux,a87cd5fecd9311a774818f10cf5ccdadb302bb6d,test/utils/shallowEqual.spec.js,javascript
react-redux,a87cd5fecd9311a774818f10cf5ccdadb302bb6d,test/utils/wrapActionCreators.spec.js,javascript
react-redux,a87cd5fecd9311a774818f10cf5ccdadb302bb6d,test/utils/Subscription.spec.js,javascript
react-redux,a87cd5fecd9311a774818f10cf5ccdadb302bb6d,test/components/hooks.spec.js,javascript
react-redux,a87cd5fecd9311a774818f10cf5ccdadb302bb6d,test/components/connect.spec.js,javascript
react-redux,a87cd5fecd9311a774818f10cf5ccdadb302bb6d,test/components/connectAdvanced.spec.js,javascript
react-redux,a87cd5fecd9311a774818f10cf5ccdadb302bb6d,test/components/Provider.spec.js,javascript
react-redux,a87cd5fecd9311a774818f10cf5ccdadb302bb6d,test/hooks/useDispatch.spec.js,javascript
react-redux,a87cd5fecd9311a774818f10cf5ccdadb302bb6d,test/hooks/useReduxContext.spec.js,javascript
react-redux,a87cd5fecd9311a774818f10cf5ccdadb302bb6d,test/hooks/useSelector.spec.js,javascript
react-redux,a87cd5fecd9311a774818f10cf5ccdadb302bb6d,website/docusaurus.config.js,javascript
react-redux,a87cd5fecd9311a774818f10cf5ccdadb302bb6d,website/sidebars.js,javascript
react-redux,a87cd5fecd9311a774818f10cf5ccdadb302bb6d,website/static/scripts/sidebarScroll.js,javascript
react-redux,a87cd5fecd9311a774818f10cf5ccdadb302bb6d,website/static/scripts/monokaiTheme.js,javascript
react-redux,a87cd5fecd9311a774818f10cf5ccdadb302bb6d,website/static/scripts/codeblock.js,javascript
react-redux,a87cd5fecd9311a774818f10cf5ccdadb302bb6d,website/src/theme/NotFound.js,javascript
react-redux,a87cd5fecd9311a774818f10cf5ccdadb302bb6d,website/src/pages/index.js,javascript
react-redux,a87cd5fecd9311a774818f10cf5ccdadb302bb6d,src/alternate-renderers.js,javascript
react-redux,a87cd5fecd9311a774818f10cf5ccdadb302bb6d,src/index.js,javascript
react-redux,a87cd5fecd9311a774818f10cf5ccdadb302bb6d,src/utils/reactBatchedUpdates.native.js,javascript
react-redux,a87cd5fecd9311a774818f10cf5ccdadb302bb6d,src/utils/batch.js,javascript
react-redux,a87cd5fecd9311a774818f10cf5ccdadb302bb6d,src/utils/useIsomorphicLayoutEffect.native.js,javascript
react-redux,a87cd5fecd9311a774818f10cf5ccdadb302bb6d,src/utils/warning.js,javascript
react-redux,a87cd5fecd9311a774818f10cf5ccdadb302bb6d,src/utils/reactBatchedUpdates.js,javascript
react-redux,a87cd5fecd9311a774818f10cf5ccdadb302bb6d,src/utils/shallowEqual.js,javascript
react-redux,a87cd5fecd9311a774818f10cf5ccdadb302bb6d,src/utils/verifyPlainObject.js,javascript
react-redux,a87cd5fecd9311a774818f10cf5ccdadb302bb6d,src/utils/wrapActionCreators.js,javascript
react-redux,a87cd5fecd9311a774818f10cf5ccdadb302bb6d,src/utils/useIsomorphicLayoutEffect.js,javascript
react-redux,a87cd5fecd9311a774818f10cf5ccdadb302bb6d,src/utils/Subscription.js,javascript
react-redux,a87cd5fecd9311a774818f10cf5ccdadb302bb6d,src/utils/isPlainObject.js,javascript
react-redux,a87cd5fecd9311a774818f10cf5ccdadb302bb6d,src/components/Provider.js,javascript
react-redux,a87cd5fecd9311a774818f10cf5ccdadb302bb6d,src/components/connectAdvanced.js,javascript
react-redux,a87cd5fecd9311a774818f10cf5ccdadb302bb6d,src/components/Context.js,javascript
react-redux,a87cd5fecd9311a774818f10cf5ccdadb302bb6d,src/hooks/useStore.js,javascript
react-redux,a87cd5fecd9311a774818f10cf5ccdadb302bb6d,src/hooks/useReduxContext.js,javascript
react-redux,a87cd5fecd9311a774818f10cf5ccdadb302bb6d,src/hooks/useDispatch.js,javascript
react-redux,a87cd5fecd9311a774818f10cf5ccdadb302bb6d,src/hooks/useSelector.js,javascript
react-redux,a87cd5fecd9311a774818f10cf5ccdadb302bb6d,src/connect/wrapMapToProps.js,javascript
react-redux,a87cd5fecd9311a774818f10cf5ccdadb302bb6d,src/connect/mergeProps.js,javascript
react-redux,a87cd5fecd9311a774818f10cf5ccdadb302bb6d,src/connect/verifySubselectors.js,javascript
react-redux,a87cd5fecd9311a774818f10cf5ccdadb302bb6d,src/connect/mapDispatchToProps.js,javascript
react-redux,a87cd5fecd9311a774818f10cf5ccdadb302bb6d,src/connect/connect.js,javascript
react-redux,a87cd5fecd9311a774818f10cf5ccdadb302bb6d,src/connect/mapStateToProps.js,javascript
react-redux,a87cd5fecd9311a774818f10cf5ccdadb302bb6d,src/connect/selectorFactory.js,javascript
react-redux,86e962edf8ed077cf720e8e089876227d943dfe8,.babelrc.js,javascript
react-redux,86e962edf8ed077cf720e8e089876227d943dfe8,jest.config.js,javascript
react-redux,86e962edf8ed077cf720e8e089876227d943dfe8,rollup.config.js,javascript
react-redux,86e962edf8ed077cf720e8e089876227d943dfe8,test/react-native/batch-integration.js,javascript
react-redux,86e962edf8ed077cf720e8e089876227d943dfe8,test/integration/dynamic-reducers.spec.js,javascript
react-redux,86e962edf8ed077cf720e8e089876227d943dfe8,test/integration/server-rendering.spec.js,javascript
react-redux,86e962edf8ed077cf720e8e089876227d943dfe8,test/utils/isPlainObject.spec.js,javascript
react-redux,86e962edf8ed077cf720e8e089876227d943dfe8,test/utils/shallowEqual.spec.js,javascript
react-redux,86e962edf8ed077cf720e8e089876227d943dfe8,test/utils/Subscription.spec.js,javascript
react-redux,86e962edf8ed077cf720e8e089876227d943dfe8,test/components/hooks.spec.js,javascript
react-redux,86e962edf8ed077cf720e8e089876227d943dfe8,test/components/connect.spec.js,javascript
react-redux,86e962edf8ed077cf720e8e089876227d943dfe8,test/components/connectAdvanced.spec.js,javascript
react-redux,86e962edf8ed077cf720e8e089876227d943dfe8,test/components/Provider.spec.js,javascript
react-redux,86e962edf8ed077cf720e8e089876227d943dfe8,test/hooks/useDispatch.spec.js,javascript
react-redux,86e962edf8ed077cf720e8e089876227d943dfe8,test/hooks/useReduxContext.spec.js,javascript
react-redux,86e962edf8ed077cf720e8e089876227d943dfe8,test/hooks/useSelector.spec.js,javascript
react-redux,86e962edf8ed077cf720e8e089876227d943dfe8,website/docusaurus.config.js,javascript
react-redux,86e962edf8ed077cf720e8e089876227d943dfe8,website/sidebars.js,javascript
react-redux,86e962edf8ed077cf720e8e089876227d943dfe8,website/static/scripts/sidebarScroll.js,javascript
react-redux,86e962edf8ed077cf720e8e089876227d943dfe8,website/static/scripts/monokaiTheme.js,javascript
react-redux,86e962edf8ed077cf720e8e089876227d943dfe8,website/static/scripts/codeblock.js,javascript
react-redux,86e962edf8ed077cf720e8e089876227d943dfe8,website/src/theme/NotFound.js,javascript
react-redux,86e962edf8ed077cf720e8e089876227d943dfe8,website/src/pages/index.js,javascript
react-redux,86e962edf8ed077cf720e8e089876227d943dfe8,src/alternate-renderers.js,javascript
react-redux,86e962edf8ed077cf720e8e089876227d943dfe8,src/index.js,javascript
react-redux,86e962edf8ed077cf720e8e089876227d943dfe8,src/utils/reactBatchedUpdates.native.js,javascript
react-redux,86e962edf8ed077cf720e8e089876227d943dfe8,src/utils/batch.js,javascript
react-redux,86e962edf8ed077cf720e8e089876227d943dfe8,src/utils/useIsomorphicLayoutEffect.native.js,javascript
react-redux,86e962edf8ed077cf720e8e089876227d943dfe8,src/utils/bindActionCreators.js,javascript
react-redux,86e962edf8ed077cf720e8e089876227d943dfe8,src/utils/warning.js,javascript
react-redux,86e962edf8ed077cf720e8e089876227d943dfe8,src/utils/reactBatchedUpdates.js,javascript
react-redux,86e962edf8ed077cf720e8e089876227d943dfe8,src/utils/shallowEqual.js,javascript
react-redux,86e962edf8ed077cf720e8e089876227d943dfe8,src/utils/verifyPlainObject.js,javascript
react-redux,86e962edf8ed077cf720e8e089876227d943dfe8,src/utils/useIsomorphicLayoutEffect.js,javascript
react-redux,86e962edf8ed077cf720e8e089876227d943dfe8,src/utils/Subscription.js,javascript
react-redux,86e962edf8ed077cf720e8e089876227d943dfe8,src/utils/isPlainObject.js,javascript
react-redux,86e962edf8ed077cf720e8e089876227d943dfe8,src/components/Provider.js,javascript
react-redux,86e962edf8ed077cf720e8e089876227d943dfe8,src/components/connectAdvanced.js,javascript
react-redux,86e962edf8ed077cf720e8e089876227d943dfe8,src/components/Context.js,javascript
react-redux,86e962edf8ed077cf720e8e089876227d943dfe8,src/hooks/useStore.js,javascript
react-redux,86e962edf8ed077cf720e8e089876227d943dfe8,src/hooks/useReduxContext.js,javascript
react-redux,86e962edf8ed077cf720e8e089876227d943dfe8,src/hooks/useDispatch.js,javascript
react-redux,86e962edf8ed077cf720e8e089876227d943dfe8,src/hooks/useSelector.js,javascript
react-redux,86e962edf8ed077cf720e8e089876227d943dfe8,src/connect/wrapMapToProps.js,javascript
react-redux,86e962edf8ed077cf720e8e089876227d943dfe8,src/connect/mergeProps.js,javascript
react-redux,86e962edf8ed077cf720e8e089876227d943dfe8,src/connect/verifySubselectors.js,javascript
react-redux,86e962edf8ed077cf720e8e089876227d943dfe8,src/connect/mapDispatchToProps.js,javascript
react-redux,86e962edf8ed077cf720e8e089876227d943dfe8,src/connect/connect.js,javascript
react-redux,86e962edf8ed077cf720e8e089876227d943dfe8,src/connect/mapStateToProps.js,javascript
react-redux,86e962edf8ed077cf720e8e089876227d943dfe8,src/connect/selectorFactory.js,javascript
react-redux,0691cca5185aee2fc3ab28570bd430977536eb79,.babelrc.js,javascript
react-redux,0691cca5185aee2fc3ab28570bd430977536eb79,jest.config.js,javascript
react-redux,0691cca5185aee2fc3ab28570bd430977536eb79,rollup.config.js,javascript
react-redux,0691cca5185aee2fc3ab28570bd430977536eb79,test/react-native/batch-integration.js,javascript
react-redux,0691cca5185aee2fc3ab28570bd430977536eb79,test/integration/dynamic-reducers.spec.js,javascript
react-redux,0691cca5185aee2fc3ab28570bd430977536eb79,test/integration/server-rendering.spec.js,javascript
react-redux,0691cca5185aee2fc3ab28570bd430977536eb79,test/utils/isPlainObject.spec.js,javascript
react-redux,0691cca5185aee2fc3ab28570bd430977536eb79,test/utils/shallowEqual.spec.js,javascript
react-redux,0691cca5185aee2fc3ab28570bd430977536eb79,test/utils/Subscription.spec.js,javascript
react-redux,0691cca5185aee2fc3ab28570bd430977536eb79,test/components/hooks.spec.js,javascript
react-redux,0691cca5185aee2fc3ab28570bd430977536eb79,test/components/connect.spec.js,javascript
react-redux,0691cca5185aee2fc3ab28570bd430977536eb79,test/components/connectAdvanced.spec.js,javascript
react-redux,0691cca5185aee2fc3ab28570bd430977536eb79,test/components/Provider.spec.js,javascript
react-redux,0691cca5185aee2fc3ab28570bd430977536eb79,test/hooks/useDispatch.spec.js,javascript
react-redux,0691cca5185aee2fc3ab28570bd430977536eb79,test/hooks/useReduxContext.spec.js,javascript
react-redux,0691cca5185aee2fc3ab28570bd430977536eb79,test/hooks/useSelector.spec.js,javascript
react-redux,0691cca5185aee2fc3ab28570bd430977536eb79,website/docusaurus.config.js,javascript
react-redux,0691cca5185aee2fc3ab28570bd430977536eb79,website/sidebars.js,javascript
react-redux,0691cca5185aee2fc3ab28570bd430977536eb79,website/static/scripts/sidebarScroll.js,javascript
react-redux,0691cca5185aee2fc3ab28570bd430977536eb79,website/static/scripts/monokaiTheme.js,javascript
react-redux,0691cca5185aee2fc3ab28570bd430977536eb79,website/static/scripts/codeblock.js,javascript
react-redux,0691cca5185aee2fc3ab28570bd430977536eb79,website/src/theme/NotFound.js,javascript
react-redux,0691cca5185aee2fc3ab28570bd430977536eb79,website/src/pages/index.js,javascript
react-redux,0691cca5185aee2fc3ab28570bd430977536eb79,src/alternate-renderers.js,javascript
react-redux,0691cca5185aee2fc3ab28570bd430977536eb79,src/exports.js,javascript
react-redux,0691cca5185aee2fc3ab28570bd430977536eb79,src/index.js,javascript
react-redux,0691cca5185aee2fc3ab28570bd430977536eb79,src/utils/reactBatchedUpdates.native.js,javascript
react-redux,0691cca5185aee2fc3ab28570bd430977536eb79,src/utils/batch.js,javascript
react-redux,0691cca5185aee2fc3ab28570bd430977536eb79,src/utils/useIsomorphicLayoutEffect.native.js,javascript
react-redux,0691cca5185aee2fc3ab28570bd430977536eb79,src/utils/bindActionCreators.js,javascript
react-redux,0691cca5185aee2fc3ab28570bd430977536eb79,src/utils/warning.js,javascript
react-redux,0691cca5185aee2fc3ab28570bd430977536eb79,src/utils/reactBatchedUpdates.js,javascript
react-redux,0691cca5185aee2fc3ab28570bd430977536eb79,src/utils/shallowEqual.js,javascript
react-redux,0691cca5185aee2fc3ab28570bd430977536eb79,src/utils/verifyPlainObject.js,javascript
react-redux,0691cca5185aee2fc3ab28570bd430977536eb79,src/utils/useIsomorphicLayoutEffect.js,javascript
react-redux,0691cca5185aee2fc3ab28570bd430977536eb79,src/utils/Subscription.js,javascript
react-redux,0691cca5185aee2fc3ab28570bd430977536eb79,src/utils/isPlainObject.js,javascript
react-redux,0691cca5185aee2fc3ab28570bd430977536eb79,src/components/Provider.js,javascript
react-redux,0691cca5185aee2fc3ab28570bd430977536eb79,src/components/connectAdvanced.js,javascript
react-redux,0691cca5185aee2fc3ab28570bd430977536eb79,src/components/Context.js,javascript
react-redux,0691cca5185aee2fc3ab28570bd430977536eb79,src/hooks/useStore.js,javascript
react-redux,0691cca5185aee2fc3ab28570bd430977536eb79,src/hooks/useReduxContext.js,javascript
react-redux,0691cca5185aee2fc3ab28570bd430977536eb79,src/hooks/useDispatch.js,javascript
react-redux,0691cca5185aee2fc3ab28570bd430977536eb79,src/hooks/useSelector.js,javascript
react-redux,0691cca5185aee2fc3ab28570bd430977536eb79,src/connect/wrapMapToProps.js,javascript
react-redux,0691cca5185aee2fc3ab28570bd430977536eb79,src/connect/mergeProps.js,javascript
react-redux,0691cca5185aee2fc3ab28570bd430977536eb79,src/connect/verifySubselectors.js,javascript
react-redux,0691cca5185aee2fc3ab28570bd430977536eb79,src/connect/mapDispatchToProps.js,javascript
react-redux,0691cca5185aee2fc3ab28570bd430977536eb79,src/connect/connect.js,javascript
react-redux,0691cca5185aee2fc3ab28570bd430977536eb79,src/connect/mapStateToProps.js,javascript
react-redux,0691cca5185aee2fc3ab28570bd430977536eb79,src/connect/selectorFactory.js,javascript
react-redux,0bcaec47338e26c5a43f8dbc2593b5d84e312281,.babelrc.js,javascript
react-redux,0bcaec47338e26c5a43f8dbc2593b5d84e312281,jest.config.js,javascript
react-redux,0bcaec47338e26c5a43f8dbc2593b5d84e312281,rollup.config.js,javascript
react-redux,0bcaec47338e26c5a43f8dbc2593b5d84e312281,test/react-native/batch-integration.js,javascript
react-redux,0bcaec47338e26c5a43f8dbc2593b5d84e312281,test/integration/dynamic-reducers.spec.js,javascript
react-redux,0bcaec47338e26c5a43f8dbc2593b5d84e312281,test/integration/server-rendering.spec.js,javascript
react-redux,0bcaec47338e26c5a43f8dbc2593b5d84e312281,test/utils/isPlainObject.spec.js,javascript
react-redux,0bcaec47338e26c5a43f8dbc2593b5d84e312281,test/utils/shallowEqual.spec.js,javascript
react-redux,0bcaec47338e26c5a43f8dbc2593b5d84e312281,test/utils/Subscription.spec.js,javascript
react-redux,0bcaec47338e26c5a43f8dbc2593b5d84e312281,test/components/hooks.spec.js,javascript
react-redux,0bcaec47338e26c5a43f8dbc2593b5d84e312281,test/components/connect.spec.js,javascript
react-redux,0bcaec47338e26c5a43f8dbc2593b5d84e312281,test/components/connectAdvanced.spec.js,javascript
react-redux,0bcaec47338e26c5a43f8dbc2593b5d84e312281,test/components/Provider.spec.js,javascript
react-redux,0bcaec47338e26c5a43f8dbc2593b5d84e312281,test/hooks/useDispatch.spec.js,javascript
react-redux,0bcaec47338e26c5a43f8dbc2593b5d84e312281,test/hooks/useReduxContext.spec.js,javascript
react-redux,0bcaec47338e26c5a43f8dbc2593b5d84e312281,test/hooks/useSelector.spec.js,javascript
react-redux,0bcaec47338e26c5a43f8dbc2593b5d84e312281,website/docusaurus.config.js,javascript
react-redux,0bcaec47338e26c5a43f8dbc2593b5d84e312281,website/sidebars.js,javascript
react-redux,0bcaec47338e26c5a43f8dbc2593b5d84e312281,website/static/scripts/sidebarScroll.js,javascript
react-redux,0bcaec47338e26c5a43f8dbc2593b5d84e312281,website/static/scripts/monokaiTheme.js,javascript
react-redux,0bcaec47338e26c5a43f8dbc2593b5d84e312281,website/static/scripts/codeblock.js,javascript
react-redux,0bcaec47338e26c5a43f8dbc2593b5d84e312281,website/src/theme/NotFound.js,javascript
react-redux,0bcaec47338e26c5a43f8dbc2593b5d84e312281,website/src/pages/index.js,javascript
react-redux,0bcaec47338e26c5a43f8dbc2593b5d84e312281,src/alternate-renderers.js,javascript
react-redux,0bcaec47338e26c5a43f8dbc2593b5d84e312281,src/exports.js,javascript
react-redux,0bcaec47338e26c5a43f8dbc2593b5d84e312281,src/index.js,javascript
react-redux,0bcaec47338e26c5a43f8dbc2593b5d84e312281,src/utils/reactBatchedUpdates.native.js,javascript
react-redux,0bcaec47338e26c5a43f8dbc2593b5d84e312281,src/utils/batch.js,javascript
react-redux,0bcaec47338e26c5a43f8dbc2593b5d84e312281,src/utils/useIsomorphicLayoutEffect.native.js,javascript
react-redux,0bcaec47338e26c5a43f8dbc2593b5d84e312281,src/utils/bindActionCreators.js,javascript
react-redux,0bcaec47338e26c5a43f8dbc2593b5d84e312281,src/utils/warning.js,javascript
react-redux,0bcaec47338e26c5a43f8dbc2593b5d84e312281,src/utils/reactBatchedUpdates.js,javascript
react-redux,0bcaec47338e26c5a43f8dbc2593b5d84e312281,src/utils/shallowEqual.js,javascript
react-redux,0bcaec47338e26c5a43f8dbc2593b5d84e312281,src/utils/verifyPlainObject.js,javascript
react-redux,0bcaec47338e26c5a43f8dbc2593b5d84e312281,src/utils/useIsomorphicLayoutEffect.js,javascript
react-redux,0bcaec47338e26c5a43f8dbc2593b5d84e312281,src/utils/Subscription.js,javascript
react-redux,0bcaec47338e26c5a43f8dbc2593b5d84e312281,src/utils/isPlainObject.js,javascript
react-redux,0bcaec47338e26c5a43f8dbc2593b5d84e312281,src/components/Provider.js,javascript
react-redux,0bcaec47338e26c5a43f8dbc2593b5d84e312281,src/components/connectAdvanced.js,javascript
react-redux,0bcaec47338e26c5a43f8dbc2593b5d84e312281,src/components/Context.js,javascript
react-redux,0bcaec47338e26c5a43f8dbc2593b5d84e312281,src/hooks/useStore.js,javascript
react-redux,0bcaec47338e26c5a43f8dbc2593b5d84e312281,src/hooks/useReduxContext.js,javascript
react-redux,0bcaec47338e26c5a43f8dbc2593b5d84e312281,src/hooks/useDispatch.js,javascript
react-redux,0bcaec47338e26c5a43f8dbc2593b5d84e312281,src/hooks/useSelector.js,javascript
react-redux,0bcaec47338e26c5a43f8dbc2593b5d84e312281,src/connect/wrapMapToProps.js,javascript
react-redux,0bcaec47338e26c5a43f8dbc2593b5d84e312281,src/connect/mergeProps.js,javascript
react-redux,0bcaec47338e26c5a43f8dbc2593b5d84e312281,src/connect/verifySubselectors.js,javascript
react-redux,0bcaec47338e26c5a43f8dbc2593b5d84e312281,src/connect/mapDispatchToProps.js,javascript
react-redux,0bcaec47338e26c5a43f8dbc2593b5d84e312281,src/connect/connect.js,javascript
react-redux,0bcaec47338e26c5a43f8dbc2593b5d84e312281,src/connect/mapStateToProps.js,javascript
react-redux,0bcaec47338e26c5a43f8dbc2593b5d84e312281,src/connect/selectorFactory.js,javascript
